name,price,release
Portal 2,$8.23,2011
People Playground,$9.99,2019
Stardew Valley,$14.99,2016
Vampire Survivors,$4.99,2022
Hades,$24.99,2020
Portal,$0.99,2007
HoloCure - Save the Fans!,-,2023
Terraria,$9.99,2011
RimWorld,$34.99,2018
Half-Life: Alyx,$59.99,2020
Left 4 Dead 2,$9.99,2009
Pizza Tower,$19.99,2023
The Henry Stickmin Collection,$14.99,2020
SenrenÔºäBanka,$34.99,2020
Euro Truck Simulator 2,$4.99,2012
A Short Hike,$7.99,2019
Slay the Spire,$8.49,2019
Lethal Company,$9.99,2023
Slime Rancher,$19.99,2017
ULTRAKILL,$24.99,2020
Totally Accurate Battle Simulator,$6.79,2021
The Binding of Isaac: Rebirth,$14.99,2014
Mount & Blade: Warband,$19.99,2010
Half-Life 2,$9.99,2004
Helltaker,-,2020
Cats Hidden in Jingle Jam,-,2023
OneShot,$9.99,2016
Katana ZERO,$14.99,2019
VPet-Simulator,-,2023
Cats Hidden in Paris,-,2023
Counter-Strike,$9.99,2000
Bloons TD 6,$13.99,2018
Resident Evil 4,$39.99,2023
BeamNG.drive,$24.99,2015
Plants vs. Zombies GOTY Edition,$4.99,2009
ATRI -My Dear Moments-,$20.99,2020
Hollow Knight,$14.99,2017
Celeste,$19.99,2018
Dyson Sphere Program,$19.99,2021
Deep Rock Galactic,$29.99,2020
A Hat in Time,$29.99,2017
Dishonored,$9.99,2012
Papa's Freezeria Deluxe,$5.99,2023
Garry's Mod,$9.99,2006
Rhythm Doctor,$15.99,2021
Entropy : Zero 2,-,2022
Stray,$19.79,2022
Firework,$9.99,2021
Our Life: Beginnings & Always,-,2020
tModLoader,-,2020
Baldur's Gate 3,$59.99,2023
The Room 4: Old Sins,$8.99,2021
South Park‚Ñ¢: The Stick of Truth‚Ñ¢,$7.49,2014
Dead Cells,$24.99,2018
DAVE THE DIVER,$14.99,2023
The Chronicles Of Myrtana: Archolos,-,2021
OMORI,$19.99,2020
Grimm's Hollow,-,2019
Hotline Miami,$9.99,2012
Subnautica,$29.99,2018
Volcano Princess,$10.99,2023
The Wolf Among Us,$14.99,2013
Satisfactory,$29.99,2020
Crab Champions,$9.99,2023
Chants of Sennaar,$19.99,2023
Resident Evil 2,$39.99,2019
Brotato,$3.74,2023
Sheepy: A Short Adventure,-,2024
TOEM: A Photo Adventure,$19.99,2021
BattleBlock Theater¬Æ,$14.99,2014
The Room,$4.99,2014
STAR WARS‚Ñ¢ Empire at War - Gold Pack,$19.99,2010
Pineapple on pizza,-,2023
Neon White,$14.99,2022
"Papers, Please",$9.99,2013
Inscryption,$11.98,2021
The Walking Dead,$14.99,2012
American Truck Simulator,$4.99,2016
Undertale,$9.99,2015
Steam Engine Simulator,-,2023
Factorio,$35.00,2020
There Is No Game: Wrong Dimension,$12.99,2020
VA-11 Hall-A: Cyberpunk Bartender Action,$14.99,2016
VTOL VR,$29.99,2020
Phoenix Wright: Ace Attorney Trilogy,$29.99,2019
PowerWash Simulator,$24.99,2022
Baba Is You,$10.49,2019
Persona 4 Golden,$19.99,2020
Bomb Rush Cyberfunk,$39.99,2023
Placid Plastic Duck Simulator,$1.99,2022
Hi-Fi RUSH,$29.99,2023
One Finger Death Punch,$4.99,2014
CLANNAD,$44.99,2015
The Witcher 3: Wild Hunt,$39.99,2015
Finding Paradise,$9.99,2017
Project Kat - Paper Lily Prologue,-,2021
Oxygen Not Included,$24.99,2019
Balatro,$14.99,2024
Doki Doki Literature Club!,-,2017
Touhou Mystia's Izakaya,$5.99,2021
Don't Starve,$9.99,2013
The Room Two,$4.99,2016
SANABI,$11.24,2023
Ori and the Will of the Wisps,$29.99,2020
Ravenfield,$17.99,2017
Broforce,$14.99,2015
God of War,$49.99,2022
Half-Life,$9.99,1998
Dishonored,-,2012
Persona 5 Royal,$59.99,2022
Cookie Clicker,$1.74,2021
Risk of Rain 2,$24.99,2020
Iron Snout,-,2016
Wobbledogs,$19.99,2022
Just Shapes & Beats,$19.99,2018
Phasmophobia,$13.99,2020
POSTAL 2,$9.99,2003
Kind Words (lo fi chill beats to write to),$3.99,2019
Cuphead,$19.99,2017
Half-Life 2: Episode Two,$7.99,2007
The Case of the Golden Idol,$17.99,2022
An Arcade Full of Cats,-,2023
Keep Talking and Nobody Explodes,$14.99,2015
INSIDE,$19.99,2016
DUSK,$19.99,2018
Before Your Eyes,$9.99,2021
Counter-Strike: Source,$9.99,2004
Stronghold Crusader HD,$9.99,2002
Tales of the Black Forest,$3.99,2019
Gorogoa,$4.49,2017
Outlast,$19.99,2013
The Murder of Sonic the Hedgehog,-,2023
A Castle Full of Cats,$3.99,2022
Tomb Raider,$14.99,2013
Fallout: New Vegas,$9.99,2010
Lil Gator Game,$9.99,2022
ÊòüÁ©∫ÂàóËΩ¶‰∏éÁôΩÁöÑÊóÖË°å,$19.99,2021
STEINS;GATE,$29.99,2016
Sid Meier's Civilization¬Æ V,$7.49,2010
Purrgatory,-,2021
Touhou Luna Nights,$12.59,2019
20 Small Mazes,-,2024
Patrick's Parabox,$14.99,2022
The Coffin of Andy and Leyley,$9.99,2023
‰∏úÂåó‰πãÂ§è,-,2023
Life is Strange - Episode 1,-,2015
Epic Battle Fantasy 5,$24.99,2018
Word Game: Episode 0,-,2021
GRIS,$14.99,2018
CULTIC,$9.99,2022
Blade and Sorcery,$19.99,2018
A Date with Death,-,2023
È≠îÂ•≥ÁöÑÂ§úÂÆ¥,$25.19,2023
Webbed,$9.99,2021
Trombone Champ,$14.99,2022
Riddle Joker,$34.99,2020
Ib,$12.99,2022
LIZARDS MUST DIE,$1.99,2023
Don't Starve Together,$14.99,2016
Castle Crashers¬Æ,$14.99,2012
Cube Escape Collection,$4.99,2020
Gunpoint,$3.99,2013
To the Moon,$9.99,2012
The Expendabros,-,2014
Milk inside a bag of milk inside a bag of milk,$0.99,2020
A Building Full of Cats,$1.59,2022
Divinity: Original Sin 2 - Definitive Edition,$44.99,2017
Sally Face - Episode One,$2.99,2016
Eternal Senia,-,2015
"Please, Touch The Artwork 2",-,2024
100 hidden frogs,-,2021
Virtual Cottage,-,2020
Outcore: Desktop Adventure,-,2022
West of Loathing,$10.99,2017
Touhou Tenkuushou ~ Hidden Star in Four Seasons.,$14.99,2017
Murders on the Yangtze River,$14.99,2024
Clone Drone in the Danger Zone,$8.99,2021
Gravitas,-,2019
The Test,$1.59,2020
The Forest,$19.99,2018
Batman: Arkham Asylum Game of the Year Edition,$3.99,2010
"Hot Dogs, Horseshoes & Hand Grenades",$19.99,2016
Mon Bazou,$15.99,2021
Juice Galaxy,-,2023
Duck Game,$12.99,2015
Underground Blossom,$4.99,2023
Super Hexagon,$2.99,2012
I Wani Hug that Gator!,$14.99,2024
Fran Bow,$14.99,2015
SuchArt: Creative Space,-,2021
Left 4 Dead,$9.99,2008
Wobbly Life,$17.99,2020
The Looker,-,2022
Aventura Copilului Albastru »ôi Ur√¢t,$1.99,2021
Mirror,$1.99,2018
Return of the Obra Dinn,$11.99,2018
Milk outside a bag of milk outside a bag of milk,$8.99,2021
Doki Doki Literature Club Plus!,$14.99,2021
Kingdom Rush - Tower Defense,$9.99,2014
Far Away,$12.99,2021
Paper Lily - Chapter 1,-,2024
Maitetsu:Last Run!!,$34.99,2020
MADNESS: Project Nexus,$24.99,2021
Zup! S,$1.99,2018
Á¨¨‰∏ÉÂè∑ÂàóËΩ¶ - Train No. 7,-,2021
DOOM (1993),$4.99,2007
Summer Pockets,$44.99,2020
Lost in Play,$19.99,2022
The Supper,-,2020
Arrow a Row,-,2023
The Test: Final Revelation,$1.99,2020
METAL GEAR RISING: REVENGEANCE,$29.99,2014
Slay the Princess,$17.99,2023
Mark of the Ninja,-,-
Monument Valley: Panoramic Edition,$3.99,2022
Dorfromantik,$13.99,2022
Tiny Bunny,$12.99,2021
NEKOPARA Vol. 2,$9.99,2016
Cube Escape: Paradox,-,2018
Cruelty Squad,$19.99,2021
Half-Life 2: VR Mod,-,2022
WolfQuest: Anniversary Edition,$19.99,2019
NEKOPARA Vol. 4,$9.99,2020
Marvel‚Äôs Spider-Man Remastered,$59.99,2022
Batman: Arkham City - Game of the Year Edition,$3.99,2012
SIGNALIS,$19.99,2022
LEGO¬Æ Star Wars‚Ñ¢ - The Complete Saga,$19.99,2009
Devil May Cry 5,$29.99,2019
The Last Campfire,$14.99,2021
Post Void,$2.99,2020
Sekiro‚Ñ¢: Shadows Die Twice - GOTY Edition,$59.99,2019
Age of Empires II (Retired),$19.99,2013
Stacklands,$7.99,2022
NEKOPARA Vol. 3,$9.99,2017
VillageRhapsody,$2.99,2023
Hylics,$2.99,2015
The Test: Hypothesis Rising,$1.99,2020
The Walking Dead: Season Two,$14.99,2013
planetarian HD,$9.99,2017
Samsara Room,-,2020
Bloody Hell,-,2023
Unheard - Voices of Crime,$6.99,2019
BAD END THEATER,$9.99,2021
Dying Light,$19.99,2015
The WereCleaner,-,2024
Enter the Gungeon,$14.99,2016
Thronefall,$9.99,2023
DOOM,$19.99,2016
Aokana - Four Rhythms Across the Blue,$34.99,2019
Resident Evil Village,$39.99,2021
Fear & Hunger 2: Termina,$11.99,2022
Alba: A Wildlife Adventure,$4.24,2020
Â∑´ÂÖé - KANNAGI USAGI -,-,2023
Scarlet Hollow,$24.99,2021
Shadow Tactics: Blades of the Shogun,$39.99,2016
Pseudoregalia,$5.99,2023
Saints Row: The Third,$9.99,2011
Handshakes,-,2023
Peggle Deluxe,$4.99,2007
Caf√© Stella and the Reaper's Butterflies,$34.99,2022
Monster Prom 3: Monster Roadtrip,$11.99,2022
Marco & The Galaxy Dragon,$7.99,2020
Aokana - Four Rhythms Across the Blue - EXTRA2,$24.99,2022
The Planet Crafter,$23.99,2024
Teardown,$29.99,2022
Supreme Commander: Forged Alliance,$12.99,2011
Kindergarten 2,$14.99,2019
Danganronpa 2: Goodbye Despair,$19.99,2016
Your Only Move Is HUSTLE,$4.99,2023
BABBDI,-,2022
Beat Saber,$29.99,2019
The Walking Dead: The Telltale Definitive Series,$49.99,2020
Titanfall¬Æ 2,$29.99,2020
SOMA,$2.99,2015
Vampires' Melody,$3.99,2020
Desperados III,$39.99,2020
Milo and the Magpies,$2.99,2021
Universe Sandbox,$29.99,2015
HuniePop,$9.99,2015
Halls of Torment,$4.99,2023
Crow Country,$19.99,2024
FTL: Faster Than Light,$9.99,2012
Cats Organized Neatly,$2.99,2020
ÂºÇÂåñ‰πãÊÅ∂„ÄáAbnormal Treatment,-,2019
Ghost Trick: Phantom Detective,$29.99,2023
Zup! F,$1.99,2019
Outer Wilds,$14.99,2020
Opus Magnum,$9.99,2017
Find Love or Die Trying,$4.99,2021
Dialtown: Phone Dating Sim,$7.99,2022
The Upturned,$9.99,2022
Danganronpa: Trigger Happy Havoc,$19.99,2016
Portal Reloaded,-,2021
Dungeon Munchies,$19.99,2022
Alpaca Stacka,-,2021
Black Mesa,$19.99,2020
Ultimate Chicken Horse,$14.99,2016
Yakuza 0,$19.99,2018
DREDGE,$24.99,2023
CarX Drift Racing Online,$14.99,2017
Bugsnax,$7.49,2022
Hook,$1.99,2015
The Hungry Lamb: Traveling in the Late Ming Dynasty,$9.99,2024
Tiny Rogues,$9.99,2022
Star Fetchers,-,2020
Portal Stories: Mel,-,2015
ÂÄôÈ∏ü,$10.99,2023
A Space for the Unbound,$19.99,2023
Quake,$9.99,2007
The Elder Scrolls V: Skyrim,$19.99,2011
Psychonauts 2,$59.99,2021
Fox Hime Zero,$1.99,2018
Outpath: First Journey,-,2022
Like a Dragon Gaiden: The Man Who Erased His Name,$49.99,2023
Sucker for Love: First Date,$9.99,2022
Snake Force,-,2021
Being a DIK - Season 1,$10.49,2020
Ori and the Blind Forest: Definitive Edition,$19.99,2016
What Remains of Edith Finch,$4.99,2017
Streets of Rogue,$4.99,2019
Monster Train,$4.99,2020
WITCH ON THE HOLY NIGHT,$39.99,2023
Sayonara Wild Hearts,$7.79,2019
Ticy Adventure Club,-,2022
Kenshi,$29.99,2018
The Planet Crafter: Prologue,-,2021
Valheim,$9.99,2021
ENDER MAGNOLIA: Bloom in the Mist,$19.99,2024
UNBEATABLE [white label],-,2021
100 Asian Cats,-,2023
Smushi Come Home,$19.99,2023
Nuclear Throne,$11.99,2015
Besiege,$3.74,2020
The Elder Scrolls IV: Oblivion¬Æ Game of the Year Edition,$2.99,2009
Your Turn To Die -Death Game By Majority-,$16.99,2023
Epiphyllum in Love,$3.99,2020
The Elder Scrolls IV: Oblivion¬Æ Game of the Year Edition Deluxe,$3.99,2009
MULLET MADJACK,$19.99,2024
Bug Fables: The Everlasting Sapling,$19.99,2019
It Takes Two,$39.99,2021
Crypt of the NecroDancer,$14.99,2015
Car Mechanic Simulator 2021,$24.64,2021
Sticky Business,$9.99,2023
FlatOut 2‚Ñ¢,$9.99,2006
Class of '09: The Re-Up,$14.99,2023
Bopl Battle,$9.99,2023
There Is No Game: Jam Edition 2015,-,2020
REFLEXIA Prototype ver.,-,2022
Noita,$19.99,2020
Total War: MEDIEVAL II ‚Äì Definitive Edition,$24.99,2006
5D Chess With Multiverse Time Travel,$11.99,2020
Êúà„Å´ÂØÑ„Çä„Åù„ÅÜ‰πôÂ•≥„ÅÆ‰ΩúÊ≥ï,$39.99,2022
Rivals of Aether,$29.99,2017
Hidden Folks,$14.99,2017
SuchArt: Genius Artist Simulator,$13.74,2022
Half-Life 2: Episode One,$7.99,2006
Kerbal Space Program,$39.99,2015
ASTLIBRA Revision,$19.99,2022
Mini Motorways,$9.99,2021
Kingdom Rush Frontiers - Tower Defense,$9.99,2016
My Friend Pedro,$19.99,2019
Mini Metro,$9.99,2015
shapez,$3.24,2020
Downwell,$2.99,2015
Hello Charlotte EP3: Childhood's End,$3.99,2018
The Void Rains Upon Her Heart,$12.99,2018
Spiritfarer¬Æ: Farewell Edition,$29.99,2020
The Room VR: A Dark Matter,$29.99,2020
At Home Alone Final,-,2022
Walkabout Mini Golf VR,$14.99,2021
missed messages.,-,2019
Paint the Town Red,$19.99,2021
The Jackbox Party Pack 3,$24.99,2016
Metal: Hellsinger,$29.99,2022
Human Fall Flat,$19.99,2016
Ultimate Custom Night,-,2018
Superflight,$2.99,2017
Frog Detective 3: Corruption at Cowboy County,$4.99,2022
Townscaper,$2.39,2021
Carto,$19.99,2020
Baldi's Basics Plus,$9.99,2020
Age of Empires II: Definitive Edition,$19.99,2019
Resident Evil 7 Biohazard,$19.99,2017
Detroit: Become Human,$39.99,2020
OPUS: Echo of Starsong - Full Bloom Edition,$24.99,2021
Mad Father,$4.99,2016
Tinykin,$9.99,2022
The Legend of Heroes: Trails in the Sky SC,$29.99,2015
I commissioned some bees 0,-,2023
Glass Masquerade,$4.99,2016
Downfall - A Slay the Spire Fan Expansion,-,2022
Bastion,$14.99,2011
ÊúàÂΩ±È≠ÖÂÉè-Ëß£Êîæ‰πãÁæΩ-,$15.99,2019
Cult of the Lamb,$24.99,2022
Game Dev Tycoon,$9.99,2013
Rabbit and Steel,$14.99,2024
Psychopomp,-,2024
FreshWomen - Season 1,$8.39,2022
Lethal League Blaze,$19.99,2018
Everlasting Summer,-,2014
Shovel Knight: Treasure Trove,$39.99,2014
Flowers -Le volume sur ete-,$19.99,2018
Ê≠ªÂØÇÔºàDeathly StillnessÔºâ,-,2021
The Binding of Isaac,$4.99,2011
"Warhammer¬Æ 40,000: Dawn of War¬Æ - Dark Crusade",$3.24,2007
Grimhook,-,2023
TY the Tasmanian Tiger,$14.99,2016
Minami Lane,$4.99,2024
The Talos Principle,$4.49,2014
NEKOPARA Extra,$4.99,2018
Ëã±ÈõÑÈªÑÊòè-ÊñáÂ≠ó‰∏âÂõΩÂøó&ÊõπË¥ºÊ®°ÊãüÂô®,-,2021
DORONKO WANKO,-,2024
Little Nightmares,$19.99,2017
PlateUp!,$9.99,2022
FIVE NIGHTS AT FREDDY'S: HELP WANTED,$29.99,2019
Rusted Warfare - RTS,$4.99,2017
Sword and Fairy,$4.99,2021
Super Lesbian Animal RPG,$14.99,2022
DARK SOULS‚Ñ¢ III,$59.99,2016
Mindustry,$9.99,2019
HROT,$19.99,2023
Princess Remedy in a World of Hurt,-,2016
Homicipher: Prologue,-,2023
Valiant Hearts: The Great War‚Ñ¢ / Soldats Inconnus : M√©moires de la Grande Guerre‚Ñ¢,$14.99,2014
OpenTTD,-,2021
Refunct,$2.99,2015
Rusty Lake: Roots,$3.99,2016
Monster Prom 2: Monster Camp,$11.99,2020
VVVVVV,$4.99,2010
Tukoni: Prologue,-,2020
Untitled Goose Game,$19.99,2020
Abiotic Factor,$24.99,2024
Hexcells,$0.89,2014
BLACK BOX LSS - The Shining Immortal,-,2023
Rabi-Ribi,$17.99,2016
STAR WARS‚Ñ¢ Jedi Knight - Jedi Academy‚Ñ¢,$9.99,2003
Nova Drift,$17.99,2019
Touhou Hero of Ice Fairy: Prologue,-,2021
In Stars And Time,$19.99,2023
Killing Floor,$19.99,2009
ÊûùÊ±üÂæÄ‰∫ã,-,2021
Chop Goblins,$4.99,2022
Chicory: A Colorful Tale,$19.99,2021
Zup! X,$1.99,2018
ANIMAL WELL,$24.99,2024
The Room Three,$5.99,2018
NGU IDLE,-,2019
"South Scrimshaw, Part One",-,2023
S.T.A.L.K.E.R.: Call of Pripyat,$19.99,2010
Beacon Pines,$19.99,2022
Hypnospace Outlaw,$19.99,2019
Rusty's Retirement,$6.99,2024
No Case Should Remain Unsolved,$5.59,2024
Trine Enchanted Edition,$14.99,2009
Master Of Pottery,$5.99,2019
Will You Snail?,$8.24,2022
The Rewinder,$14.38,2021
Kindergarten,$4.99,2017
Anomaly Agent,$11.99,2024
The Forgotten City,$8.74,2021
Trine 2: Complete Story,$19.99,2011
Impostor Factory,$9.99,2021
Neighbours from Hell Compilation,-,2013
NEKOPARA Vol. 1,$9.99,2014
STAR WARS‚Ñ¢ Republic Commando‚Ñ¢,$9.99,2009
Spirit City: Lofi Sessions,$11.99,2024
Fireworks Mania - An Explosive Simulator,$11.99,2020
Cattails: Wildwood Story,$19.99,2023
Garden Galaxy,$9.99,2022
Insaniquarium Deluxe,$4.99,2006
Kaiju Princess,$10.99,2022
Lay a Beauty to Rest: The Darkness Peach Blossom Spring,$7.69,2021
Touhou Hero of Ice Fairy,$5.45,2024
Hexcells Infinite,$1.49,2014
The Elder Scrolls III: Morrowind¬Æ Game of the Year Edition,$3.74,2009
ÊûùÊ±üÁïî‰πãÊ¢¶,-,2022
Call of Juarez: Gunslinger,$1.49,2013
The Pedestrian,$5.99,2020
Incredibox,$4.99,2021
ÊàëÁöÑÂ∞èÈ≤®È±º,-,2024
Blood and Bacon,$0.99,2016
Raging Loop,$29.99,2017
Voidigo,$18.99,2023
It Steals,$4.99,2020
Content Warning,$6.39,2024
klocki,$1.99,2016
Project Zomboid,$19.99,2013
Dwarf Fortress,$29.99,2022
Songs of Syx,$24.99,2020
Orcs Must Die!,$2.49,2011
Felvidek,$10.99,2024
Bit Blaster XL,$0.99,2016
LISA: The Painful,$19.99,2014
Portal: Revolution,-,2024
eden*,$19.99,2015
Don't Escape: 4 Days to Survive,$14.99,2019
NEEDY STREAMER OVERLOAD,$15.99,2022
Zup! Z,$1.99,2020
Winter Memories,$19.99,2024
Coloring Pixels,-,2018
Creeper World 3: Arc Eternal,$14.99,2014
AVICII Invector,$19.99,2019
Borderlands 2,$19.99,2012
My Summer Car,$14.99,2016
"Knowledge, or know Lady",$6.99,2024
Buckshot Roulette,$2.99,2024
Rusty Lake Hotel,$1.99,2016
POSTAL: Brain Damaged,$19.99,2022
Insomnia: Theater in the Head,$2.49,2022
Pilgrims,$2.09,2019
Indigo Park: Chapter 1,-,2024
WorldBox - God Simulator,$19.99,2021
Hylics 2,$14.99,2020
Cats Hidden in Bali,$0.99,2023
"STAR WARS‚Ñ¢ Battlefront II (Classic, 2005)",$9.99,2009
ARMORED HEAD,$4.99,2020
Cats and Seek : Osaka,-,2023
Palworld,$29.99,2024
Fluffy Store,$1.99,2019
pureya,$5.99,2021
Goat Simulator 3,$29.99,2024
9-nine-:Episode 2,$19.99,2019
LEGO¬Æ Marvel‚Ñ¢ Super Heroes,$19.99,2013
TIS-100,$3.49,2015
The Curse of Monkey Island,$6.99,2018
Dream Ending,$3.99,2019
Pony Island,$4.99,2016
Boneraiser Minions,$3.74,2023
Meteor 60 Seconds!,-,2018
Plague Inc: Evolved,$14.99,2016
Tales from the Borderlands,$19.99,2014
OCTOPATH TRAVELER II,$59.99,2023
Yakuza Kiwami 2,$19.99,2019
Farming Simulator 19,$17.99,2018
Kingdom Rush Origins - Tower Defense,$14.99,2018
Mark of the Ninja: Remastered,$19.99,2018
"STAR WARS‚Ñ¢ Battlefront (Classic, 2004)",$9.99,2019
Pages of Time: Prologue,-,2022
ÁßÅ„ÅÆ„É™„Ç¢„É´„ÅØÂÖÖÂÆü„Åó„Åô„Åé„Å¶„ÅÑ„Çã „Éï„É´„Éú„Ç§„ÇπÁâà,$9.99,2022
Snufkin: Melody of Moominvalley,$19.99,2024
I Was a Teenage Exocolonist,$24.99,2022
Psychonauts,$9.99,2006
TouHou Makuka Sai ~ Fantastic Danmaku Festival Part II,$12.78,2019
A Space For The Unbound - Prologue,-,2020
Dog Brew,$3.50,2024
S.T.A.L.K.E.R.: Shadow of Chernobyl,$19.99,2007
Muck,-,2021
Everhood,$9.99,2021
Cinderella Phenomenon - Otome/Visual Novel,-,2017
Touhou Fuujinroku ~ Mountain of Faith.,$14.99,2020
100 Capitalist Cats,-,2024
I MAED A GAM3 W1TH Z0MB1ES 1N IT!!!1,-,2021
Star of Providence,$14.99,2017
Bejeweled¬Æ 3,$4.99,2010
Alien Swarm: Reactive Drop,-,2017
DOTOKOI / ÂÉèÁ¥†Áî∑Âèã,-,2019
Songs for a Hero - Definitive Edition,$14.99,2016
Orbt XL,$0.99,2017
Dogs Organized Neatly,$2.99,2021
Rise of the Tomb Raider‚Ñ¢,$29.99,2016
Amnesia: The Dark Descent,$19.99,2010
Super Meat Boy,$3.74,2010
Maitetsu:Pure Station,$24.99,2018
The Arrogant Kaiju Princess and The Detective Servant,$14.99,2023
LYNE,$2.99,2014
One Finger Death Punch 2,$7.99,2019
Acting Lessons,$7.49,2019
Coffee Talk Episode 2: Hibiscus & Butterfly,$14.99,2023
Epic Battle Fantasy 4,$14.99,2014
SUPER CHICKEN JUMPER,$2.99,2021
XCOM: Enemy Unknown,$1.49,2012
COMPOUND,$19.99,2022
Rooftops & Alleys: The Parkour Game,$15.99,2024
Defense Grid: The Awakening,$9.99,2008
Cureocity,-,2024
House Flipper,$24.99,2018
Dagon: by H. P. Lovecraft,-,2021
Touhou Kanjuden ~ Legacy of Lunatic Kingdom.,$14.99,2019
Cats Hidden in Italy,$0.99,2023
Tabletop Simulator,$19.99,2015
Primordia,$9.99,2012
Brothers - A Tale of Two Sons,$14.99,2013
Pikuniku,$12.99,2019
Antichamber,$19.99,2013
Samorost 1,-,2021
Alien Swarm,-,2010
BioShock Infinite,$7.49,2013
Stronghold HD (2012),$5.99,2001
Blood‚Ñ¢ Fresh Supply,$9.99,2019
Neon Beats,-,2019
Timberborn,$24.99,2021
Supraland,$4.79,2019
Geometry Dash,$4.99,2014
Aperture Desk Job,-,2022
Montaro,$0.99,2016
Railroader,$29.99,2023
Miracle Snack Shop,$9.99,2018
Mitoza,-,2021
Save Room - Organization Puzzle,$2.09,2022
Farmer Against Potatoes Idle,-,2022
Wildermyth,$24.99,2021
Journey,$4.49,2020
Cat Quest II,$14.99,2019
Yoku's Island Express,$19.99,2018
Civilization IV: Beyond the Sword,$9.99,2007
Supraland Six Inches Under,$19.99,2022
Knights College,$24.99,2021
Raft,$19.99,2022
Path of Achra,$9.99,2024
Airships: Conquer the Skies,$24.99,2018
Marvel's Guardians of the Galaxy,$59.99,2021
FAR: Lone Sails,$14.99,2018
Hades II,$29.99,2024
Coffee Talk,$12.99,2020
The Coin Game,$13.99,2019
Superliminal,$9.99,2020
Loddlenaut,$19.99,2023
PAC-MAN‚Ñ¢ Championship Edition DX+,$2.49,2013
Lily's Well,-,2022
Brutal Orchestra,$19.99,2021
Zodiacats,$1.99,2022
DEADBOLT,$9.99,2016
Animal Revolt Battle Simulator,$14.99,2022
Love Is All Around,$9.99,2023
Skyrim Script Extender (SKSE),-,2015
SteamWorld Dig 2,$19.99,2017
Leaf Blower Revolution - Idle Game,-,2020
Feeding Frenzy 2 Deluxe,$4.99,2006
Slime Rancher 2,$29.99,2022
The Walking Dead: The Final Season,$19.99,2018
"Warhammer¬Æ 40,000: Dawn of War¬Æ - Game of the Year Edition",$2.59,2007
Angel at Dusk,$14.99,2024
Contraband Police,$29.99,2023
Spaceflight Simulator,$11.99,2022
KunKunNight,$1.99,2023
Resonance of the Ocean,-,2022
A Dance of Fire and Ice,$5.99,2019
daydream ÁôΩÊó•Â§¢,-,2022
Darkwood,$3.74,2017
Melatonin,$14.99,2022
Strange Horticulture,$15.99,2022
Jerma's Big Adventure,-,2021
Little Nightmares II,$29.99,2021
Persona 3 Reload,$69.99,2024
DR LIVESEY ROM AND DEATH EDITION,$0.49,2023
Shower With Your Dad Simulator 2015: Do You Still Shower With Your Dad,$0.99,2015
ÂºÇÂ∏∏ | Exception,$3.99,2019
YOU and ME and HER: A Love Story,$29.99,2020
DOOM II,$4.99,2007
Peaks of Yore,$18.99,2023
Stick Fight: The Game,$1.99,2017
Cosmoteer: Starship Architect & Commander,$19.99,2022
Devil Daggers,$5.99,2016
Grim Dawn,$24.99,2016
ISLANDERS,$4.99,2019
Symphony of War: The Nephilim Saga,$11.99,2022
Botanicula,$2.99,2012
Total Annihilation,$4.99,2015
Into the Breach,$7.49,2018
Higurashi When They Cry Hou - Ch.1 Onikakushi,-,2015
LiEat,$1.19,2016
Hidden in Plain Sight,$5.99,2014
ENDER LILIES: Quietus of the Knights,$24.99,2021
Hotline Miami 2: Wrong Number,$14.99,2015
CARRION,$19.99,2020
Brick Rigs,$18.99,2023
FAITH: The Unholy Trinity,$14.99,2022
Derail Valley,$39.99,2019
Bloodstained: Ritual of the Night,$35.58,2019
Nightmare of Decay,$2.49,2022
Free to Play,-,2014
Deus Ex: Game of the Year Edition,$0.97,2007
A Taste of the Past,-,2022
Supermarket Simulator,$12.99,2024
Perfect Gold - Yuri Visual Novel,$7.99,2021
Quake II,$9.99,2007
Crime Scene Cleaner: Prologue,-,2024
Poly Bridge 2,$14.99,2020
Mount Your Friends,$4.99,2014
RED HOT VENGEANCE,-,2019
Cities: Skylines,$29.99,2015
Zup! 2,$1.99,2016
Seal World,$4.99,2023
Gunfire Reborn,$19.99,2021
The Past Within,$5.99,2022
BioShock‚Ñ¢,-,2007
NOeSIS02_ÁæΩÂåñ,-,2021
Transistor,$19.99,2014
Manifold Garden,$19.99,2020
Smile For Me,$12.99,2019
Mortal Sin,$19.99,2023
Class of '09,$9.99,2021
Aimlabs,-,2023
Judgment,$39.99,2022
Vampire: The Masquerade - Bloodlines,$19.99,2007
Ê∞∏ÂÜª‰πãÂ£≥ The Shell of Permafrost,-,2018
Tales of Maj'Eyal,$6.99,2013
The Test: Secrets of the Soul,-,2023
EARTH DEFENSE FORCE 4.1 The Shadow of New Despair,$19.99,2016
Another Crab's Treasure,$29.99,2024
Sleeping Dogs,-,-
The Witch's House MV,$14.99,2018
Little Inferno,$14.99,2012
Peggle‚Ñ¢ Nights,$4.99,2008
ELDEN RING,$59.99,2022
PC Building Simulator,$19.99,2019
Rome: Total War‚Ñ¢ - Collection,-,2007
Caves of Qud,$19.99,2015
fault - milestone two side:above,$14.99,2015
Hello Charlotte EP2: Requiem Aeternam Deo,-,2016
Zup! 8,$1.99,2018
Empires of the Undergrowth,$29.99,2017
The Stanley Parable: Ultra Deluxe,$24.99,2022
My Singing Monsters,-,2021
ÊÅãÁà±ÁªÆË∞≠ ‰∏çÂ≠òÂú®ÁöÑÁúüÁõ∏,$13.99,2022
No Time,$10.99,2019
Geometry Arena,$2.15,2021
Âù¶ÁéáÁöÑÂ∞èÁ∫¢Â∏ΩÂíåÁà±ËØ¥Ë∞éÁöÑÁãº,-,2020
Freddy Fazbear's Pizzeria Simulator,-,2017
Ever Seen A Cat?,$1.99,2022
Dinkum,$19.99,2022
Lucy -The Eternity She Wished For-,$3.99,2016
Turbo Overkill,$21.58,2023
Narcissu 1st & 2nd,-,2015
Some Some Convenience Store,$14.99,2020
Agent A: A puzzle in disguise,$1.99,2019
Rise of Nations: Extended Edition,$19.99,2014
Bing in Wonderland,$8.99,2023
Company of Heroes,$19.99,2006
Cobalt Core,$19.99,2023
Epic Battle Fantasy 3,-,2016
Long Dream,$6.99,2023
SpeedRunners,$2.99,2016
Dungeons 3,$29.99,2017
Later Alligator,$17.99,2019
The Legend of Heroes: Trails from Zero,$39.99,2022
Birth,$7.14,2023
The Secret of Monkey Island: Special Edition,$9.99,2009
POPGOES Arcade,$4.99,2022
Duck Simulator 2,-,2021
Barotrauma,$34.99,2023
Cat Quest,$12.99,2017
Super Animal Royale,-,2021
Spyro‚Ñ¢ Reignited Trilogy,$39.99,2019
Little Busters! English Edition,$34.99,2017
NOeSIS01_ËØâËØ¥Ë∞éË®ÄËÆ∞ÂøÜÁâ©ËØ≠,-,2020
Soulstone Survivors: Prologue,-,2022
Enigmatis 2: The Mists of Ravenwood,$4.49,2014
Slayers X: Terminal Aftermath: Vengance of the Slayer,$16.99,2023
Farm Together,$19.99,2018
Door Kickers: Action Squad,$13.99,2018
Yuppie Psycho: Executive Edition,$16.99,2019
Reventure,$7.99,2019
Floating Point,-,2014
Turnip Boy Commits Tax Evasion,$3.74,2021
Disco Elysium - The Final Cut,$39.99,2019
Dead Space‚Ñ¢ 2,$19.99,2011
"If On A Winter's Night, Four Travelers",-,2021
9-nine-:Episode 4,$19.99,2021
Kingdom Rush Vengeance - Tower Defense,$19.99,2020
DISTRAINT 2,$8.99,2018
‰π∞‰∏™ÂèØ‰πêÈ•ºÂêßÔºÅ - Buy a Croquette!,-,2024
Turing Complete,$19.99,2021
Bloons TD 5,$9.99,2014
Rusty Lake Paradise,$3.99,2018
Ages of Conflict: World War Simulator,$6.99,2023
Letters From a Rainy Day -Oceans and Lace-,$16.99,2021
Yellow Taxi Goes Vroom,$16.99,2024
Sizeable,$9.99,2021
Shogun Showdown,$14.99,2023
UNDERDOGS,$29.99,2024
BROK the InvestiGator,$19.99,2022
Flowers -Le volume sur automne-,$19.99,2020
OnlyCans: Thirst Date,-,2021
A Plague Tale: Innocence,$26.59,2019
Rain World,$24.99,2017
Long Live The Queen,$9.99,2013
Spark the Electric Jester 3,$24.99,2022
Windowkill,$4.99,2024
Cats Hidden in Maple Hollow üçÇ,$0.79,2023
EARTH DEFENSE FORCE 5,$59.99,2019
Shadows Over Loathing,$22.99,2022
The House in Fata Morgana: A Requiem for Innocence,$14.99,2018
Descenders,$24.99,2019
Â∞èÁôΩÂÖîÁîµÂïÜ~Bunny e-Shop,$10.99,2021
The Riftbreaker: Prologue,-,2020
BirdGut,-,2019
Hyperdimension Neptunia Re;Birth1,$14.99,2015
Pentiment,$19.99,2022
COCOON,$14.99,2023
Tetris¬Æ Effect: Connected,$39.99,2021
a new life.,$2.99,2020
Majotori,$5.99,2017
The Life and Suffering of Sir Brante ‚Äî Chapter 1&2,-,2020
last seen online,-,2024
STAR OCEAN THE SECOND STORY R,$49.99,2023
Shakes and Fidget,-,2016
In Sound Mind,$3.84,2021
Ê≥°Ê≤´ÂÜ¨ÊôØ,$7.49,2020
FINAL FANTASY IX,$20.99,2016
PARANORMASIGHT: The Seven Mysteries of Honjo,$19.99,2023
GemCraft - Chasing Shadows,$9.99,2015
Severed Steel,$24.99,2021
Moonleap,$8.99,2023
Moonring,-,2023
Love Delivery,$14.99,2022
SpongeBob SquarePants: Battle for Bikini Bottom - Rehydrated,$29.99,2020
Last Command,$14.99,2022
Spooky's Jump Scare Mansion: HD Renovation,$9.99,2017
Pajama Sam: No Need to Hide When It's Dark Outside,$6.99,2014
Max Payne 2: The Fall of Max Payne,$3.49,2008
Serious Sam Classic: The First Encounter,$5.99,2010
Tangle Tower,$19.99,2019
I Frog-ot,-,2022
Fallout: A Post Nuclear Role Playing Game,$9.99,2009
Otaku's Adventure,$6.99,2019
DRAMAtical Murder,$19.99,2021
The Procession to Calvary,$9.99,2020
Teenage Mutant Ninja Turtles: Shredder's Revenge,$16.74,2022
The Lab,-,2016
The Thrill of the Fight - VR Boxing,$9.99,2019
Warsim: The Realm of Aslona,$9.99,2022
Bitburner,-,2021
Capybara Spa,$7.99,2022
ÊâÄÂêë‰πãÊú™Êù• - Towards Future,-,2022
Sven Co-op,-,2016
Bramble: The Mountain King,$29.99,2023
Fallout 2: A Post Nuclear Role Playing Game,$9.99,2009
Magical Girl Celesphonia,$19.99,2022
Heavenly Bodies,$19.99,2021
Quake III Arena,$14.99,2007
Leap of Faith,$10.99,2022
Trick & Treat,-,2016
Penko Park,$13.99,2020
A YEAR OF SPRINGS,$4.99,2021
Unsorted Horror,-,2023
Bishojo Mangekyo Kotowari to Meikyu no Shojo,$29.99,2021
Crazy Machines 3,$9.99,2016
Doom & Destiny,$9.99,2015
SYNTHETIK: Legion Rising,$19.99,2018
Vecter,-,2020
Arctic Eggs,$9.99,2024
Zeepkist,$11.99,2021
Toree 2,$0.99,2021
The Outlast Trials,$39.99,2024
Night in the Woods,$19.99,2017
Paquerette Down the Bunburrows,$8.99,2023
Zortch,$4.99,2023
Tree Simulator 2022,$5.99,2021
DRAGON BALL Z: KAKAROT,$59.99,2020
Sleeping Dogs: Definitive Edition,$19.99,2014
NEKOPARA Vol. 0,$2.99,2015
Kinkoi: Golden Loveriche,$34.99,2021
Angels with Scaly Wings‚Ñ¢ / È±óÁæΩ„ÅÆÂ§©‰Ωø,$9.99,2017
Ê≤âÁù°ÁöÑÊ≥ïÂàô Things as They Are,$5.99,2019
Kukoro: Stream chat games,$5.99,2024
LEGO¬Æ Star Wars‚Ñ¢ III - The Clone Wars‚Ñ¢,$19.99,2011
Vertigo 2,$29.99,2023
My Brother Rabbit,$4.49,2018
The Good Time Garden,-,2019
Higurashi When They Cry Hou - Ch.6 Tsumihoroboshi,$7.99,2018
Griftlands,$19.99,2021
LoveChoice,$1.99,2021
House,$9.99,2020
Purrfect Apawcalypse: Love at Furst Bite,$4.99,2021
Five Nights at Freddy's 2,$7.99,2014
Chronicon,$13.99,2020
MX Bikes,$34.99,2019
Notch - The Innocent LunA: Eclipsed SinnerS,$3.49,2015
Slice & Dice,$8.99,2024
Touhou Kikeijuu ~ Wily Beast and Weakest Creature.,$14.99,2019
Door Kickers,$19.99,2014
Epistory - Typing Chronicles,$4.49,2016
The Darkside Detective: A Fumble in the Dark,$14.99,2021
her tears were my light,$2.99,2022
Call of Duty¬Æ: Modern Warfare¬Æ 2 (2009),$19.99,2009
Freedom Planet,$14.99,2014
MANDAGON,-,2016
When The Past Was Around,$7.99,2020
Higurashi When They Cry Hou - Ch.3 Tatarigoroshi,$7.99,2016
Skul: The Hero Slayer,$9.99,2021
Zuma Deluxe,$4.99,2006
Billionaire Lovers,$2.99,2021
Defender's Quest: Valley of the Forgotten (DX edition),$14.99,2012
I Wanna Maker,-,2023
This War of Mine,$19.99,2014
Fear & Hunger,$7.99,2019
The Ditzy Demons Are in Love With Me,$24.99,2018
Mosaique Neko Waifus 4,$2.99,2021
Draw Puzzle Áîª‰πãË∞ú,$4.99,2017
PAYDAY‚Ñ¢ The Heist,$14.99,2011
Escape Simulator,$19.99,2021
Life Goes On: Done to Death,$12.99,2014
Choice of Robots,$6.99,2014
Kindred Spirits on the Roof,$34.99,2016
Blackwell Epiphany,$9.99,2014
How Fish Is Made,-,2022
Transmissions: Element 120,-,2016
Unavowed,$14.99,2018
Murder House,$11.99,2020
ÊóÖÁáïÂΩíËà™ Swallow Homing,-,2019
The Red Strings Club,$14.99,2018
Hitman: Blood Money,$9.99,2007
Misao: Definitive Edition,$2.99,2017
Island Saver,-,2020
Scalak,$2.99,2018
Five Nights at Freddy's,$4.99,2014
Behind the Frame: The Finest Scenery,$12.99,2021
Battle Chef Brigade Deluxe,$19.99,2017
Lunistice,$4.99,2022
Á•àÈ¢® Inorikaze,$10.99,2019
Crawl,$14.99,2017
Heat Signature,$14.99,2017
SHENZHEN I/O,$7.49,2016
60 Seconds! Reatomized,$9.99,2019
Cat Goes Fishing,$6.99,2015
killer7,$19.99,2018
Linelith,$2.24,2022
Sonic Mania,$19.99,2017
Lost Judgment,$59.99,2022
Quickie: A Love Hotel Story,$19.99,2021
Command & Conquer‚Ñ¢ 3: Kane‚Äôs Wrath,$19.88,2009
Beat Hazard,$9.99,2010
Call of Duty¬Æ (2003),$19.99,2006
Halo: The Master Chief Collection,$39.99,2019
The Coma 2: Vicious Sisters,$14.99,2020
Mushroom Cats,-,2019
Gloomwood,$19.99,2022
ÊÅãÁà±ÁªÆË∞≠~‰∏çÂ≠òÂú®ÁöÑÂ§èÂ§©~,$8.99,2020
Moss: Book II,$19.99,2022
Creeper World 4,$24.99,2020
My Friendly Neighborhood,$29.99,2023
STAR WARS‚Ñ¢ Knights of the Old Republic‚Ñ¢ II - The Sith Lords‚Ñ¢,$9.99,2005
Not For Broadcast,$7.49,2022
Wylde Flowers,$24.99,2022
Risk of Rain (2013),$9.99,2013
GUILTY GEAR Xrd REV 2,$29.99,2016
Heartbound,$9.99,2018
RollerCoaster Tycoon¬Æ: Deluxe,$5.99,2014
Life is Strange: Before the Storm,$16.99,2017
TROUBLESHOOTER: Abandoned Children,$8.49,2020
System Shock 2,$9.99,2013
Muv-Luv Alternative („Éû„Éñ„É©„É¥ „Ç™„É´„Çø„Éç„Ç§„ÉÜ„Ç£„É¥),$39.99,2018
I wanna be the Creator,$5.99,2019
Micro Platformer,-,2020
Liftoff¬Æ: FPV Drone Racing,$19.99,2018
Worms Armageddon,$14.99,1999
Cattails | Become a Cat!,$3.74,2017
Cleo - a pirate's tale,$14.99,2021
Noel the Mortal Fate S1-7,$14.99,2018
NUKITASHI,$17.49,2023
Don't Escape Trilogy,$4.99,2019
Call of Duty¬Æ 4: Modern Warfare¬Æ (2007),$19.99,2007
Yog-Sothoth‚Äôs Yard,$10.99,2023
Sledders,$24.99,2023
BlazBlue Entropy Effect,$15.59,2024
DYO,-,2018
Assetto Corsa,$19.99,2014
Tales From Off-Peak City Vol. 1,$9.99,2020
Days Gone,$49.99,2021
Wandersong,$19.99,2018
Parkitect,$29.99,2018
100 March Cats,-,2024
Necesse,$6.69,2019
Ostriv,$24.99,2020
Starbound,$14.99,2016
Cyber Manhunt,$9.99,2021
Roadwarden,$10.99,2022
Landlord of the Woods,$0.99,2021
F.E.A.R.,$54.99,2010
Mass Effect (2007),$29.99,2008
LIMBO,$9.99,2011
Tyrion Cuthbert: Attorney of the Arcane,$19.99,2023
14 Minesweeper Variants,$6.99,2022
Scrap Mechanic,$19.99,2016
Library Of Ruina,$29.99,2021
ElecHead,$6.99,2021
"Little Kitty, Big City",$24.99,2024
Creaks,$3.99,2020
Boomerang Fu,$14.99,2020
Zup!,$1.99,2016
Landfall Archives,-,2023
DFHack - Dwarf Fortress Modding Engine,-,2023
ËßÖÈïøÁîü,$14.99,2023
Shredders,$29.99,2022
JellyCar Worlds,$7.99,2022
Software Inc.,$22.99,2015
Cogmind,$24.99,2017
Terminus: Zombie Survivors,$15.99,2021
A Tower Full of Cats,$4.49,2024
Mhakna Gramura and Fairy Bell,$4.99,2018
Staffer Case: A Supernatural Mystery Adventure,$11.99,2023
The Swapper,$2.99,2013
Serious Sam Classic: The Second Encounter,$5.99,2010
Touhou Artificial Dream in Arcadia,$9.99,2023
Snail Simulator,$2.99,2023
AMID EVIL,$19.98,2019
Touhou Fantasia / ‰∏úÊñπÊ¢¶ÊÉ≥Êõ≤,-,2019
Laughing to Die,$4.99,2024
FrostRunner,-,2019
AMID EVIL,$19.98,2019
Touhou Fantasia / ‰∏úÊñπÊ¢¶ÊÉ≥Êõ≤,-,2019
Laughing to Die,$4.99,2024
Peeping Dorm Manager,$10.99,2023
FrostRunner,-,2019
Do Not Feed the Monkeys,$15.99,2018
ÁÉ≠Ë°ÄÂ§ßÂîê,-,2024
Deathbulge: Battle of the Bands,$19.99,2023
The Great Ace Attorney Chronicles,$39.99,2021
Scribblenauts Unlimited,$19.99,2012
URBO: Dream One,-,2023
A Guidebook of Babel,$14.99,2023
Freedom Planet 2,$24.99,2022
TowerFall Ascension,$14.99,2014
Utawarerumono: Mask of Truth,$15.99,2020
Die in the Dungeon: Origins,-,2023
Mars First Logistics,$14.99,2023
Tametsi,$0.98,2017
Dune: Imperium,$22.99,2024
The Jackbox Party Pack 2,$24.99,2015
ScooterFlow,$13.99,2021
Bean Battles,$0.99,2018
Dungeon Alchemist,$44.99,2022
We Love Katamari REROLL+ Royal Reverie,$29.99,2023
BoardLand,-,2024
FlipWitch - Forbidden Sex Hex,$14.99,2023
Yume Nikki,-,2018
SUMMERHOUSE,$4.99,2024
SteamWorld Dig,$9.99,2013
Nothing,-,2024
SLUDGE LIFE 2,$14.99,2023
100 Funny Cats,-,2024
Viewfinder,$24.99,2023
The Messenger,$19.99,2018
Sprout,-,2018
NIGHT-RUNNERS‚Ñ¢ PROLOGUE,-,2024
dotAGE,$17.59,2023
Amanda the Adventurer,$8.99,2023
Dangeresque: The Roomisode Triungulate,$5.83,2023
Frostpunk,$29.99,2018
Octodad: Dadliest Catch,$14.99,2014
DRAGON QUEST¬Æ XI S: Echoes of an Elusive Age‚Ñ¢ - Definitive Edition,$39.99,2020
The Legend of Tianding,$19.99,2021
The Complex: Found Footage,-,2022
Shogun Showdown: Prologue,-,2023
Gun Devil,-,2022
Unpacking,$19.99,2021
The Chrono Jotter,$6.59,2021
ÂûÉÂúæÊ°∂ÂÜõÂõ¢,-,2024
Spring Falls,$4.19,2019
Slender Threads: Prologue,-,2021
Duck Detective: The Secret Salami,$8.99,2024
HUNTDOWN,$3.99,2021
Recursed,$1.99,2016
The Cosmic Wheel Sisterhood,$17.99,2023
McPixel 3,$9.99,2022
Captain of Industry,$29.99,2022
Hatsune Miku: Project DIVA Mega Mix+,$39.39,2022
GoreBox,$7.99,2023
Monster Prom,$11.99,2018
Call of Duty¬Æ 2,$19.99,2006
THE KING OF FIGHTERS 2002 UNLIMITED MATCH,$14.99,2015
Railbound,$8.70,2022
ROBOBEAT,$19.99,2024
Detective Grimoire,$6.99,2014
Tayutama 2-you're the only one-,$34.99,2016
Squirrel Stapler,$7.99,2023
Kiwi Clicker - Juiced Up,$2.49,2022
Blood Spear,-,2021
Kinkoi: Golden Time,$29.99,2022
Treasure of Nadia,$14.99,2022
Ultra Fight Da ! Kyanta 2,-,2019
Jaded,-,2022
Lies of P,$41.99,2023
4D Golf,$19.99,2024
Bagel Love Story,$3.59,2024
DEATH STRANDING DIRECTOR'S CUT,-,2022
KovaaK's,$9.99,2018
LEGO¬Æ Batman‚Ñ¢ 2: DC Super Heroes,$4.99,2012
inbento,$1.49,2021
News Tower,$19.99,2024
Unturned,-,2017
Crab Game,-,2021
STORY OF SEASONS: Friends of Mineral Town,$39.99,2020
One-armed cook,-,2022
The Great Rebellion,$14.99,2024
Bendy and the Dark Revival,$29.99,2022
Marie's Room,-,2018
Shadow Gambit: The Cursed Crew,$39.99,2023
Mad Games Tycoon 2,$24.99,2023
Ragnarock,$24.99,2021
Charlie Murder,$9.99,2017
Ancient Warfare 3,$12.99,2024
Ding Dong XL,$0.99,2018
The Legend of Heroes: Trails in the Sky,$19.99,2014
Shinobi Warfare,-,2022
Red Dead Redemption 2,$59.99,2019
SCP: Secret Laboratory,-,2017
Poly Bridge 3,$19.99,2023
Trepang2,$29.99,2023
DDNet,-,2020
KUNKUN Defender,$2.99,2024
Shipwrecked 64,$7.99,2024
Duelists of Eden,$4.99,2024
Blasphemous 2,$29.99,2023
Astral Ascent,$24.99,2023
Trackmania United Forever,$29.99,2008
Farming Simulator 22,$29.99,2021
Prodeus,$24.99,2022
STONKS-9800: Stock Market Simulator,$9.99,2023
Vibrant Venture,$14.99,2020
BONEWORKS,$29.99,2019
Wandering Sword,$24.99,2023
Tattletail,$4.99,2016
Little Goody Two Shoes,$19.99,2023
A Sky Full of Stars ‰ª∞ÊúõÂ§úÁ©∫ÁöÑÊòüËæ∞,$5.39,2017
Call of Duty: World at War,$19.99,2008
Amnesia: The Bunker,$24.99,2023
Suzerain,$19.99,2020
Stephen's Sausage Roll,$8.99,2016
GNOSIA,$17.49,2022
TSIOQUE,$7.27,2018
Planet of Lana,$19.99,2023
The Battle of Polytopia,$14.99,2020
Adventure of a Lifetime,$6.49,2018
Zombie Estate 2,$4.99,2017
Hexcells Plus,$0.89,2014
Countryball: Europe 1890,$3.99,2022
Secret Little Haven,$4.99,2018
Estranged: Act I,-,2014
Half-Life 2: VR Mod - Episode Two,-,2023
The Elder Scrolls V: Skyrim Special Edition,$7.99,2016
Last Train Outta' Wormtown,$7.99,2023
Big Ambitions,$22.99,2023
Otome * Domain,$14.99,2022
Five Nights at Freddy's: Help Wanted 2,$39.99,2023
Klonoa Phantasy Reverie Series,$39.99,2022
KinitoPET,$5.99,2024
Assetto Corsa Competizione,$39.99,2019
Snacko,$24.99,2023
Multi Turret Academy,$8.99,2024
Hira Hira Hihiru,$24.99,2023
Larcin Lazer,$5.49,2023
Five Nights at Freddy's 4,$7.99,2015
Laika: Aged Through Blood,$14.99,2023
Enjoy the Diner,$10.99,2023
DARQ: Complete Edition,$8.99,2019
Stray Gods: The Roleplaying Musical,$29.99,2023
È£é‰ø°Ê•º,$10.79,2021
TRY AGAIN,-,2023
The Battle of Polytopia,$14.99,2020
Who's Lila?,$11.99,2022
Adventure of a Lifetime,$6.49,2018
Zombie Estate 2,$4.99,2017
Hexcells Plus,$0.89,2014
Countryball: Europe 1890,$3.99,2022
Secret Little Haven,$4.99,2018
The Exit 8,$3.99,2023
Estranged: Act I,-,2014
Half-Life 2: VR Mod - Episode Two,-,2023
The Elder Scrolls V: Skyrim Special Edition,$7.99,2016
Last Train Outta' Wormtown,$7.99,2023
TYRONE vs COPS,$0.79,2022
Momotype,-,2021
Big Ambitions,$22.99,2023
Otome * Domain,$14.99,2022
Five Nights at Freddy's: Help Wanted 2,$39.99,2023
Klonoa Phantasy Reverie Series,$39.99,2022
KinitoPET,$5.99,2024
Assetto Corsa Competizione,$39.99,2019
Snacko,$24.99,2023
Multi Turret Academy,$8.99,2024
Hira Hira Hihiru,$24.99,2023
Larcin Lazer,$5.49,2023
Five Nights at Freddy's 4,$7.99,2015
Laika: Aged Through Blood,$14.99,2023
Enjoy the Diner,$10.99,2023
DARQ: Complete Edition,$8.99,2019
Stray Gods: The Roleplaying Musical,$29.99,2023
È£é‰ø°Ê•º,$10.79,2021
HYPER DEMON,$8.99,2022
The Symbiant,$19.99,2023
TRY AGAIN,-,2023
Hidden Cats in London,$1.99,2022
Gothic 1,$9.99,2001
THE CORRIDOR,$1.99,2020
100 hidden cats,$0.49,2021
DARK SOULS‚Ñ¢: REMASTERED,$39.99,2018
Bad North: Jotunn Edition,$2.99,2018
Citizen Sleeper,$19.99,2022
Scarlet Maiden,$10.99,2023
Aircar,-,2019
THE BUTTON by Elendow,-,2023
Core Keeper,$15.99,2022
Hot Lava,$19.99,2019
Gachi Heroes,$0.49,2018
The Plan,-,2014
Crusader Kings III,$49.99,2020
The Awesome Adventures of Captain Spirit,-,2018
100% Orange Juice,$1.74,2014
Pistol Whip,$29.99,2019
Return to Castle Wolfenstein,$4.99,2007
A Monster's Expedition,$9.99,2020
Jazzpunk: Director's Cut,$14.99,2014
Wolfenstein 3D,$4.99,2007
click to ten,-,2022
Cavern of Dreams,$12.99,2023
Perfect Vermin,-,2020
Hearts of Iron IV,$49.99,2016
Record of Lodoss War-Deedlit in Wonder Labyrinth-,$9.99,2021
Hakuoki: Edo Blossoms,$9.99,2018
Zero-K,-,2018
STASIS: BONE TOTEM,$12.39,2023
Islets,$9.99,2022
Yakuza 6: The Song of Life,$19.99,2021
Quest for the Golden Candelabra,-,2023
Fallen Hero: Retribution,$11.99,2023
100 hidden rams,$0.99,2021
Enderal: Forgotten Stories (Special Edition),-,2021
Cave Story+,$14.99,2011
Beat Banger,$9.99,2023
SeaBed,$13.39,2017
Freedom Fighters,$2.99,2020
One Dreamer: Prologue,-,2020
Touhou Kishinjou ~ Double Dealing Character.,$14.99,2019
Bubble People,-,2021
SharpShooter3D,$2.79,2023
DOOM Eternal,$39.99,2020
American Arcadia,$19.99,2023
ÁΩëÁòæÂ∞ëÂπ¥2005 Internet addicted youth 2005,$1.39,2023
Ghostrunner,$29.99,2020
POOLS,$9.79,2024
Pizza Possum,$4.19,2023
The Last Clockwinder,$24.48,2022
Chillquarium,$5.99,2023
Corn Kidz 64,$6.99,2023
Saiko no sutoka,$4.99,2021
Steven Universe: Unleash the Light,$24.99,2021
TUNIC,$29.99,2022
Depersonalization,$19.99,2022
Red Planet Farming,-,2020
Have a Nice Dream,-,2021
Escape Memoirs: Questionable Side Stories,-,2023
Lucy Dreaming,$18.99,2022
Tormentum - Dark Sorrow,$6.23,2015
Iron Lung,$7.99,2022
Reentry - An Orbital Simulator,$29.99,2018
Mosaique Neko Waifus 3,$2.99,2020
Full Service,$39.99,2020
EXAPUNKS,$9.99,2018
Distance,$24.99,2018
Tavern Master,$14.99,2021
Withering Rooms,$24.99,2024
Serious Sam Fusion 2017 (beta),$11.00,-
"Peace, Death!",$4.99,2017
NARUTO SHIPPUDEN: Ultimate Ninja STORM 4,$3.99,2016
Sumire,$0.89,2021
Baldr Sky,$49.99,2019
Owinka Shooter,-,2022
Resident Evil,$19.99,2015
Fistful of Frags,-,2014
Quaver,-,2022
Banana,-,2024
CHAOS;CHILD,$24.99,2019
Beholder,$2.09,2016
Melty Blood Actress Again Current Code,$24.99,2016
The Long Drive,$15.99,2019
Oxenfree,$9.99,2016
art of rally,$24.99,2020
EMPTY SHELL: PROLOGUE,-,2023
Burger Shop 3,$4.99,2023
ARMORED CORE‚Ñ¢ VI FIRES OF RUBICON‚Ñ¢,$59.99,2023
Men of War: Assault Squad 2,$29.99,2014
Overload,$29.99,2018
Car Mechanic Simulator 2018,$19.99,2017
Mass Effect‚Ñ¢ Legendary Edition,$59.99,2021
The Baby In Yellow,$7.19,2023
Leap up no Justu: Double,$0.69,2023
XENOTILT: HOSTILE PINBALL ACTION,$12.74,2023
Pajama Sam 2: Thunder And Lightning Aren't So Frightening,$6.99,2014
DEVIL BLADE REBOOT,$13.59,2024
Repella Fella,$17.99,2023
Genital Jousting,$6.99,2018
Boomerang X,$7.00,2021
Athanasy,$9.99,2022
Ambrosia,$14.99,2021
Koishi Navigation Desktop Youkai,-,2022
Planet Zoo,$44.99,2019
LEGO¬Æ Star Wars‚Ñ¢: The Skywalker Saga,$49.99,2022
Hidden Through Time,$7.99,2020
qomp,$6.99,2021
Mosa Lina,$4.99,2023
UnMetal,$5.99,2021
Crimson Snow (2023),$5.52,2023
Cryptmaster,$24.99,2024
‰∏úÊñπËØïÈóªÂπøÁ∫™ ~ Perfect Memento of Touhou Question,-,2018
Mosaique Neko Waifus 5,$2.99,2022
Dungeon Keeper‚Ñ¢ 2,$4.99,2024
"Warhammer 40,000: Mechanicus",$5.99,2018
Cave Crawlers,-,2023
Gorilla Tag,$19.99,2023
Let's School,$14.99,2023
GYLT,$19.99,2023
Kill The Crows,$4.99,2023
Choice of Life: Middle Ages 2,$6.99,2022
The Aquarium does not dance,-,2024
Deep Space Waifu: FLAT JUSTICE,$3.99,2017
A Tiny Sticker Tale,$9.99,2023
Ynglet,$4.99,2021
Automobilista 2,$39.99,2020
Lost in Vivo,$11.99,2018
Frostrain,-,2024
It gets so lonely here,-,2023
Pathologic 2,$6.99,2019
Counter-Strike: Condition Zero,$9.99,2004
Lovers in a Dangerous Spacetime,$14.99,2015
PLAYNE : The Meditation Game,$14.99,2020
Endoparasitic,$9.99,2022
Monument Valley 2: Panoramic Edition,$3.99,2022
Road 96 üõ£Ô∏è,$19.96,2021
Just Go,$9.99,2022
System Shock,$39.99,2023
Kingdom Two Crowns,$4.99,2018
Escape the Backrooms,$7.99,2022
RoboCop: Rogue City,$49.99,2023
Devil May Cry HD Collection,$29.99,2018
Take Me To The Dungeon!!,$10.99,2023
The Bookwalker: Thief of Tales,$14.99,2023
ÎÖ∏Î≤†ÎÇò ÎîîÏïÑÎ≥ºÎ°úÏä§,$18.99,2020
Tetrobot and Co.,$2.49,2013
SHEEPO,$3.99,2020
Sonic Frontiers,$59.99,2022
Back to the Dawn,$19.99,2023
Staffer Reborn,$2.99,2024
ÂÆ∂ÊúâÂ§ßË≤ì Nekojishi,-,2017
Tag: The Power of Paint,-,2022
TheoTown,$3.83,2019
Áæ§‰æ†‰º†ÔºåÂêØÂä®ÔºÅ,-,2022
Bear's Restaurant,$9.74,2021
Fallen Hero: Rebirth,$6.99,2018
Tormented Souls,$5.99,2021
Ex-Zodiac,$9.99,2022
Metel - Horror Escape,$2.99,2020
The Last Spell,$24.99,2023
Serious Sam: Siberian Mayhem,$19.99,2022
Projekt: Passion - Season 1,$11.99,2023
Overcooked! 2,$12.42,2018
Prey,$29.99,2017
Rec Room,-,2021
Love Sucks: Night One,-,2021
We Were Here Forever,$17.99,2022
Baldur's Gate II: Enhanced Edition,$19.99,2013
Fights in Tight Spaces,$24.99,2021
The Song of Saya,$14.99,2019
Trap Shrine,$9.99,2019
Snakeybus,$9.99,2019
Frog Detective 1: The Haunted Island,$4.99,2018
GAROU: MARK OF THE WOLVES,$9.99,2016
Medieval Dynasty,$34.99,2021
Uncrashed : FPV Drone Simulator,$14.99,2021
Humans are not that against Lizardwomen,$3.99,2024
Rental,-,2024
DRAGON BALL FighterZ,$59.99,2018
DRAGON QUEST BUILDERS‚Ñ¢ 2,$49.99,2019
Cats Hidden in China,$0.99,2024
Bright Memory,$3.99,2020
Trials of Mana,$49.99,2020
A Plague Tale: Requiem,$26.59,2022
Hellblade: Senua's Sacrifice,$29.99,2017
Disney Dreamlight Valley,$39.99,2023
Toasterball,$4.99,2023
Age of Empires¬Æ III (2007),$39.99,2012
ÂÜ¨Êó•Ê†ë‰∏ãÁöÑÂõûÂøÜ(Memories of the Winter Tree),-,2023
WHITE ALBUM: Memories like Falling Snow,$19.99,2023
TY the Tasmanian Tiger 2,$14.99,2017
UnderMine,$6.99,2020
Dordogne,$14.99,2023
Heroes of the Three Kingdoms 2,$0.99,2020
Endless ATC,$6.99,2017
Doll Impostor,$5.99,2024
Venba,$14.99,2023
Swords and Sandals Classic Collection,$9.99,2019
Bombe,$6.99,2023
Wartales,$34.99,2023
A Little to the Left,$14.99,2022
100 Dino Cats,-,2024
Yolk Heroes: A Long Tamago,$7.19,2024
Call of Duty¬Æ: Black Ops,$39.99,2010
With My Past,$8.99,2024
Little Misfortune,$19.99,2019
Pro Wrestling Sim,$19.99,2021
vivid/stasis,-,2023
Chasing Tails ~A Promise in the Snow~,$7.99,2021
D&D Lords of Waterdeep,$9.99,2017
Evil Nun: The Broken Mask,$19.99,2023
Shepherd of Light,-,2019
Worldless,$19.99,2023
The Journey Down: Chapter Two,$14.99,2014
SENRAN KAGURA Burst Re:Newal,$29.99,2019
Touhou Genso Wanderer -Reloaded-,$34.99,2018
Heroes of Might & Magic V: Tribes of the East,$2.49,2008
Misericorde: Volume One,$8.99,2023
SoulslayerÔΩûÁÅ≠È≠Ç¬∑ËØØ‰Ω≥ÊúüÔΩû,$9.99,2017
Fishy,-,2019
TheLastTrain,-,2023
Emily is Away <3,$9.99,2021
Perfect Heist 2,$4.99,2021
PRODUCER 2021,$9.99,2022
Sea of Thieves: 2024 Edition,$39.99,2020
HuniePop 2: Double Date,$19.99,2021
100 hidden fish,$0.49,2022
Tilt Brush,$19.99,2016
StormEdge: Wind of Change,-,2023
START AGAIN: a prologue,$10.99,2021
En Garde!,$19.99,2023
Mundaun,$7.99,2021
Shadows of Doubt,$19.99,2023
‰øÆ‰ªôÂ∞èÂ±ã,-,2024
False Dream,$1.99,2024
MageQuit,$14.99,2019
If My Heart Had Wings,$2.99,2014
Minecraft Dungeons,$9.99,2021
Mr. Rainer's Solve-It Service,$5.99,2022
The Mortuary Assistant,$24.99,2022
D≈çky≈´sei: Bangin' Summer,$7.99,2022
Free Stars: The Ur-Quan Masters,-,2024
SuperTux,-,2022
Figment 2: Creed Valley,$6.24,2023
Swelter,-,2023
Nuclear Option,$14.99,2023
Shigatari,$2.99,2017
PAYDAY 2,$9.99,2013
Trine 5: A Clockwork Conspiracy,$19.79,2023
Rival Stars Horse Racing: Desktop Edition,$39.99,2020
TELEFORUM,-,2023
Intravenous 2: Mercenarism,-,2024
NORCO,$14.99,2022
Infection Free Zone ‚Äì Prologue,-,2023
Machinika: Museum,-,2021
Once Upon a Jester,$14.99,2022
Romance of the Three Kingdoms XI with Power Up Kit,$39.99,2018
Aurora Hills: Chapter 1,-,2024
"Warhammer 40,000: Boltgun",$14.29,2023
Pumpkin Jack,$29.99,2020
UNSIGHTED,$19.99,2021
Colony Survival,$24.95,2017
Broken Reality,$14.99,2018
The Farmer Was Replaced,$6.99,2023
DRAGON BALL XENOVERSE 2,$19.99,2016
SpiderHeck,$8.99,2022
100 Dino Cats,-,2024
Yolk Heroes: A Long Tamago,$7.19,2024
Call of Duty¬Æ: Black Ops,$39.99,2010
With My Past,$8.99,2024
Little Misfortune,$19.99,2019
Pro Wrestling Sim,$19.99,2021
vivid/stasis,-,2023
Chasing Tails ~A Promise in the Snow~,$7.99,2021
D&D Lords of Waterdeep,$9.99,2017
Evil Nun: The Broken Mask,$19.99,2023
Shepherd of Light,-,2019
Dead Space,$59.99,2023
Worldless,$19.99,2023
The Journey Down: Chapter Two,$14.99,2014
SENRAN KAGURA Burst Re:Newal,$29.99,2019
Touhou Genso Wanderer -Reloaded-,$34.99,2018
Heroes of Might & Magic V: Tribes of the East,$2.49,2008
Misericorde: Volume One,$8.99,2023
SoulslayerÔΩûÁÅ≠È≠Ç¬∑ËØØ‰Ω≥ÊúüÔΩû,$9.99,2017
Fishy,-,2019
TheLastTrain,-,2023
Emily is Away <3,$9.99,2021
Perfect Heist 2,$4.99,2021
PRODUCER 2021,$9.99,2022
Â∞ÅÁ•ûÂ§ñ‰º†,$4.99,2021
Sea of Thieves: 2024 Edition,$39.99,2020
Dome Keeper,$7.19,2022
HuniePop 2: Double Date,$19.99,2021
Coloring Game 4,-,2021
100 hidden fish,$0.49,2022
Tilt Brush,$19.99,2016
StormEdge: Wind of Change,-,2023
START AGAIN: a prologue,$10.99,2021
En Garde!,$19.99,2023
Mundaun,$7.99,2021
Shadows of Doubt,$19.99,2023
ÊÄï‰∏çÊÄïË∂¥ÂñµÈú∏Èú∏ Ghost Party Nyanbaba,$0.49,2022
‰øÆ‰ªôÂ∞èÂ±ã,-,2024
False Dream,$1.99,2024
MageQuit,$14.99,2019
If My Heart Had Wings,$2.99,2014
Minecraft Dungeons,$9.99,2021
Mr. Rainer's Solve-It Service,$5.99,2022
The Mortuary Assistant,$24.99,2022
D≈çky≈´sei: Bangin' Summer,$7.99,2022
Free Stars: The Ur-Quan Masters,-,2024
SuperTux,-,2022
Figment 2: Creed Valley,$6.24,2023
Swelter,-,2023
PICO PARK,$4.99,2021
Nuclear Option,$14.99,2023
Shigatari,$2.99,2017
PAYDAY 2,$9.99,2013
Trine 5: A Clockwork Conspiracy,$19.79,2023
Rival Stars Horse Racing: Desktop Edition,$39.99,2020
TELEFORUM,-,2023
Intravenous 2: Mercenarism,-,2024
NORCO,$14.99,2022
Infection Free Zone ‚Äì Prologue,-,2023
Machinika: Museum,-,2021
KƒÅdomon: Hyper Auto Battlers Prologue,-,2024
Once Upon a Jester,$14.99,2022
Romance of the Three Kingdoms XI with Power Up Kit,$39.99,2018
Aurora Hills: Chapter 1,-,2024
"Warhammer 40,000: Boltgun",$14.29,2023
Pumpkin Jack,$29.99,2020
UNSIGHTED,$19.99,2021
Colony Survival,$24.95,2017
Broken Reality,$14.99,2018
The Farmer Was Replaced,$6.99,2023
Where Jellyfish Ê∞¥ÊØçÂú®Âì™Èáå,-,2023
DRAGON BALL XENOVERSE 2,$19.99,2016
SpiderHeck,$8.99,2022
Monobeno,$7.49,2018
DYSMANTLE,$19.99,2021
SEASON: A letter to the future,$13.74,2023
Digimon Story Cyber Sleuth: Complete Edition,$49.99,2019
Cookard,-,2024
Beecarbonize,-,2023
Third Crisis,$15.99,2024
FISHGUN,-,2023
Come Home,-,2021
DEMON'S TILT,$9.99,2019
Martial Law,-,2021
Mr. Hopp's Playhouse,-,2019
Ducks Can Drive,-,2023
Ghost of a Tale,$19.99,2018
Utawarerumono: Prelude to the Fallen,$23.99,2021
Like a Dragon: Infinite Wealth,$69.99,2024
CaseCracker,$4.99,2022
Shotgun King: The Final Checkmate,$9.99,2022
Anodyne 2: Return to Dust,$19.99,2019
Drift86,$1.99,2019
Metro 2033 Redux,$1.99,2014
Thumper,$19.99,2016
Love n Life: Lucky Teacher,$8.99,2024
Tinkerlands: A Shipwrecked Adventure,-,2024
Sunset Routes,$0.99,2022
Art Reborn: Painting Connoisseur,$6.99,2023
Golf It!,$8.99,2023
Ark Mobius: Censored Edition,$4.99,2021
Knell of St. Godhrkar,-,2021
Entropy : Zero,-,2017
Thief‚Ñ¢ Gold,$6.99,2012
Sanitarium,$9.99,2014
Orwell: Keeping an Eye On You,$9.99,2016
Blasphemous,$24.98,2019
Ctrl Alt Ego,$19.99,2022
Lunacid,$13.99,2023
Prince of Suburbia - Part 1,-,2023
Metro: Last Light Redux,$1.99,2014
Duet,$4.99,2015
Toy Shire: Room One,-,2024
Fruit Mountain,$7.64,2024
Crossroad OS,$4.99,2023
Fausts Alptraum,-,2017
Escape Goat 2,$9.99,2014
Fears to Fathom - Ironbark Lookout,$9.99,2023
Kitten Burst,$24.99,2024
The Multi-Medium,$6.99,2023
Far Cry 3,$4.99,2012
Mission in Snowdriftland,$6.99,2021
Bridge Constructor Portal,$9.99,2017
"Gunner, HEAT, PC!",$29.99,2022
Botany Manor,$22.49,2024
Dimension Tripper Neptune: TOP NEP,$4.99,2022
Hatsune Miku Logic Paint S,$13.99,2022
„Åã„Çâ„Å±„Çä„ÅÜ„Åâ„Éº„Åö,-,2022
The Riftbreaker,$29.99,2021
Dream Daddy: A Dad Dating Simulator,$14.99,2017
Cloud Climber,-,2021
A Story Beside,$14.99,2022
Meridian 157: Chapter 3,$3.99,2021
Pro Soccer Online,$9.99,2021
HOW WE KNOW WE'RE ALIVE,-,2023
PAC-MAN WORLD Re-PAC,$7.49,2022
Smithworks,-,2022
CANINE,$1.94,2023
Fate/Samurai Remnant,$59.99,2023
Slipways,$16.99,2021
Byakuya Museum,-,2023
BPM: BULLETS PER MINUTE,$19.99,2020
Astrea: Six-Sided Oracles,$24.99,2023
Crystal Project,$13.99,2022
The Legend of Heroes: Trails into Reverie,$59.99,2023
Re: LieF ~ Shin'ainaru Anata e~,$34.99,2021
Lorelei and the Laser Eyes,$24.99,2024
Cateau,-,2018
Horizon Forbidden West‚Ñ¢ Complete Edition,$59.99,2024
Little Noah: Scion of Paradise,$14.99,2022
Nexomon: Extinction,$6.99,2020
Tom Clancy's Ghost Recon¬Æ,$9.99,2008
Absent in the Rain,-,2022
Granblue Fantasy: Relink,$59.99,2024
Kill It With Fire 2,$14.99,2024
"Braid, Anniversary Edition",$19.99,2024
CAT & ONION,$3.49,2024
Path of Exile,-,2013
Swords 'n Magic and Stuff,$24.99,2020
Nexus 5X,$14.99,2024
Pumping Simulator 2,$17.99,2023
Backpack Battles,$12.99,2024
Manny's,$7.99,2023
My Furry Protogen 2 üêæ,$4.99,2024
Press Any Key,-,2024
No Time to Relax,$13.99,2019
Touhou Juuouen „Äú Unfinished Dream of All Living Ghost.,$14.99,2023
Instruments of Destruction,$19.99,2024
Hello Neighbor Alpha 1,-,2019
Chair F*cking Simulator,$1.99,2020
Pocket Mirror ~ GoldenerTraum,$19.99,2023
ÂØÑÁî° Symbiotic Love,$6.99,2019
Tunnet,$5.99,2023
Assemble with Care,$7.99,2020
Rhythm Sprout: Sick Beats & Bad Sweets,$3.74,2023
Sam & Max Save the World,$19.99,2020
Geneforge 2 - Infestation,$17.99,2024
Breeders of the Nephelym: Alpha,-,2019
Fatal Twelve,$19.99,2018
Strangeland,$14.99,2021
Assassin's Creed 2,$19.99,2010
Angry Video Game Nerd I & II Deluxe,$9.99,2020
TAMASHII,$4.99,2019
100 hidden birds,$0.99,2020
Tape to Tape,$19.99,2023
Donut Dodo,$5.99,2022
Why do you love me?,$0.99,2024
Dread X Collection 2,$9.99,2020
Nobody Saves the World,$24.99,2022
Apollo Justice: Ace Attorney Trilogy,$49.99,2024
Fruit Salad,$1.49,2023
One-armed robber,-,2023
Topple Tactics,$9.99,2023
Dynopunk,$14.98,2023
Pyre,$19.99,2017
Dealer's Life,$9.99,2019
GROUND BRANCH,$29.99,2018
Love Sucks: Night Two,$9.99,2024
Cat Search In The Wild West,-,2024
Chrono Ark,$24.99,2024
Vangers,$6.99,2014
Chained Echoes,$24.99,2022
Crush Crush,-,2016
The Doors of Trithius,$14.99,2021
Going Under,$19.99,2020
SnowRunner,$14.99,2021
STAR WARS Jedi: Fallen Order‚Ñ¢,$39.99,2019
Plants vs. Zombies‚Ñ¢ Garden Warfare 2: Deluxe Edition,$29.99,2022
Blade of Darkness,$5.99,2021
Toodee and Topdee,$7.99,2021
MINERVA,-,2013
The Shell Part I: Inferno,$13.99,2023
Champions of Breakfast,$2.39,2016
Momodora: Moonlit Farewell,$16.99,2024
Sky Rogue,$19.99,2017
In Sink: A Co-Op Escape Prologue,-,2023
Invincible Presents: Atom Eve,$9.99,2023
Egg,-,2024
7 Days to Die,$24.99,2013
Sucker for Love: Date to Die For,$12.99,2024
Tiny Lands,$3.49,2021
Jumps,$6.99,2017
Hidden Lands - Spot the differences,-,2021
Underminer,-,2024
Super Fancy Pants Adventure,$9.99,2017
eSail Sailing Simulator,$37.99,2019
CRISIS CORE ‚ÄìFINAL FANTASY VII‚Äì REUNION,$49.99,2022
Boyfriend Dungeon,$19.99,2021
Utawarerumono: Mask of Deception,$15.99,2020
Trans-Siberian Railway Simulator: Prologue,-,2024
Grim Fandango Remastered,$14.99,2015
Persona¬Æ 5 Strikers,$59.99,2021
Thief Simulator 2,$19.99,2023
Bronzebeard's Tavern,-,2023
DRAGON BALL XENOVERSE,$39.99,2015
Football Manager 2024,$59.99,2023
ibb & obb,$2.39,2014
Cute Honey,$1.29,2020
Children of the Sun,$14.99,2024
APICO,$16.00,2022
Mansions of Madness,-,2016
Indiana Jones¬Æ and the Emperor's Tomb‚Ñ¢,$5.99,2018
ICBM,$19.99,2020
Intravenous,$18.38,2021
The Pony Factory,$3.99,2024
Life After Magic,-,2023
Yet Another Zombie Survivors,$9.99,2023
Clash: Artifacts of Chaos,$29.99,2023
POSTAL,-,1997
Eronoctosis: Put Yourself Together,-,2021
Mad Games Tycoon,$14.99,2016
NEKOPALIVE,-,2016
CHANGE: A Homeless Survival Experience,$18.99,2020
Cricket 19,$29.99,2019
Ugly,$9.99,2023
The Witcher: Enhanced Edition Director's Cut,$9.99,2008
100 hidden snails 2,$1.99,2021
BattleBit Remastered,$14.99,2023
Assassin‚Äôs Creed¬Æ IV Black Flag‚Ñ¢,$39.99,-
Haven,$24.99,2020
Dark Deception,-,2018
Flight Of Nova,$29.99,2022
MAMIYA,$13.39,2021
The Office Quest,$8.99,2018
Alice: Madness Returns,$9.99,2011
Legend of Grimrock 2,$23.99,2014
Engare,$3.99,2017
Offroad Mania,$7.99,2020
Crow Story,-,2021
100 hidden cats 2,$0.79,2021
ÂóúË°ÄÂç∞ Bloody Spell,$24.25,2022
Orc Massage,$14.99,2022
Sherlock Holmes: Crimes and Punishments,$2.99,2014
"Good Pizza, Great Pizza - Cooking Simulator Game",$9.99,2023
Receiver 2,$19.99,2020
Superdimension Neptune VS Sega Hard Girls,$19.99,2017
Gnomes & Goblins (preview),-,2016
Nova Lands,$19.99,2023
Mutant Football League,$14.99,2017
Mago,$6.74,2022
SWOLLEN TO BURSTING UNTIL I AM DISAPPEARING ON PURPOSE,-,2023
Aces & Adventures,$8.99,2023
Milo and the Christmas Gift,-,2023
Atopes,-,2021
Jagged Alliance 3,$44.99,2023
Atelier Ryza 3: Alchemist of the End & the Secret Key,$59.99,2023
Cozy Grove,$14.99,2021
Ball-it Hell,$2.99,2024
Batman‚Ñ¢: Arkham Origins,$3.99,2013
Monster College,$9.99,2023
The Longest Walk,-,2022
PULSAR: Lost Colony,$24.99,2021
FINAL FANTASY XII THE ZODIAC AGE,$49.99,2018
REAVER,$14.99,2023
Creepy Tale 3: Ingrid Penance,$4.49,2023
Human-powered spacecraft,$0.99,2018
Last Stand Delivery,$6.99,2024
Unravel,$19.99,2020
Detective Girl of the Steam City,$14.99,2019
Planet S,-,2023
Fruit Salad,$1.49,2023
Meow Moments: Celebrating Together,-,2024
One-armed robber,-,2023
Topple Tactics,$9.99,2023
Dynopunk,$14.98,2023
Pyre,$19.99,2017
Dealer's Life,$9.99,2019
GROUND BRANCH,$29.99,2018
Love Sucks: Night Two,$9.99,2024
Cat Search In The Wild West,-,2024
Chrono Ark,$24.99,2024
Vangers,$6.99,2014
LunarLux,$11.99,2023
Chained Echoes,$24.99,2022
Crush Crush,-,2016
The Doors of Trithius,$14.99,2021
Going Under,$19.99,2020
SnowRunner,$14.99,2021
Fishing Vacation,$1.99,2022
Renai Karichaimashita: Koikari - Love For Hire,$29.99,2021
STAR WARS Jedi: Fallen Order‚Ñ¢,$39.99,2019
Plants vs. Zombies‚Ñ¢ Garden Warfare 2: Deluxe Edition,$29.99,2022
Blade of Darkness,$5.99,2021
Toodee and Topdee,$7.99,2021
MINERVA,-,2013
The Shell Part I: Inferno,$13.99,2023
Champions of Breakfast,$2.39,2016
Momodora: Moonlit Farewell,$16.99,2024
Sky Rogue,$19.99,2017
In Sink: A Co-Op Escape Prologue,-,2023
Yamafuda! 2nd station,$12.99,2021
Invincible Presents: Atom Eve,$9.99,2023
Egg,-,2024
7 Days to Die,$24.99,2013
Sucker for Love: Date to Die For,$12.99,2024
Tiny Lands,$3.49,2021
Jumps,$6.99,2017
Hidden Lands - Spot the differences,-,2021
Underminer,-,2024
Super Fancy Pants Adventure,$9.99,2017
eSail Sailing Simulator,$37.99,2019
Irotoridori No Sekai HD - The Colorful World,$34.99,2024
CRISIS CORE ‚ÄìFINAL FANTASY VII‚Äì REUNION,$49.99,2022
Boyfriend Dungeon,$19.99,2021
Utawarerumono: Mask of Deception,$15.99,2020
Trans-Siberian Railway Simulator: Prologue,-,2024
Grim Fandango Remastered,$14.99,2015
Persona¬Æ 5 Strikers,$59.99,2021
Thief Simulator 2,$19.99,2023
Bronzebeard's Tavern,-,2023
UNCHARTED‚Ñ¢: Legacy of Thieves Collection,$49.99,2022
DRAGON BALL XENOVERSE,$39.99,2015
Football Manager 2024,$59.99,2023
ibb & obb,$2.39,2014
Cute Honey,$1.29,2020
Children of the Sun,$14.99,2024
APICO,$16.00,2022
The Ranch of Rivershine,$29.99,2023
Mansions of Madness,-,2016
Indiana Jones¬Æ and the Emperor's Tomb‚Ñ¢,$5.99,2018
ICBM,$19.99,2020
Intravenous,$18.38,2021
The Pony Factory,$3.99,2024
Life After Magic,-,2023
Yet Another Zombie Survivors,$9.99,2023
Clash: Artifacts of Chaos,$29.99,2023
POSTAL,-,1997
Eronoctosis: Put Yourself Together,-,2021
Mad Games Tycoon,$14.99,2016
NEKOPALIVE,-,2016
CHANGE: A Homeless Survival Experience,$18.99,2020
Cricket 19,$29.99,2019
Gem Defender: Soyjak Survivors,$3.99,2023
Ugly,$9.99,2023
The Witcher: Enhanced Edition Director's Cut,$9.99,2008
100 hidden snails 2,$1.99,2021
BattleBit Remastered,$14.99,2023
Assassin‚Äôs Creed¬Æ IV Black Flag‚Ñ¢,$39.99,-
Haven,$24.99,2020
Dark Deception,-,2018
Flight Of Nova,$29.99,2022
MAMIYA,$13.39,2021
The Office Quest,$8.99,2018
Alice: Madness Returns,$9.99,2011
Legend of Grimrock 2,$23.99,2014
LuckLand,$8.99,2023
Engare,$3.99,2017
Offroad Mania,$7.99,2020
Crow Story,-,2021
100 hidden cats 2,$0.79,2021
ÂóúË°ÄÂç∞ Bloody Spell,$24.25,2022
Orc Massage,$14.99,2022
Sherlock Holmes: Crimes and Punishments,$2.99,2014
HUMANITY,$19.79,2023
Final Profit: A Shop RPG,$14.99,2023
"Good Pizza, Great Pizza - Cooking Simulator Game",$9.99,2023
Receiver 2,$19.99,2020
Banana Shooter,-,2022
Superdimension Neptune VS Sega Hard Girls,$19.99,2017
Gnomes & Goblins (preview),-,2016
ÊûÅÁÆÄÂ°îÈò≤ - Minimalist Tower Defense,$4.99,2024
Nova Lands,$19.99,2023
Gladio and Glory,-,2021
Mutant Football League,$14.99,2017
Fears to Fathom - Home Alone,-,2021
Mago,$6.74,2022
SWOLLEN TO BURSTING UNTIL I AM DISAPPEARING ON PURPOSE,-,2023
Aces & Adventures,$8.99,2023
Milo and the Christmas Gift,-,2023
Anonymous Hacker Simulator: Prologue,-,2023
Atopes,-,2021
Jagged Alliance 3,$44.99,2023
Atelier Ryza 3: Alchemist of the End & the Secret Key,$59.99,2023
Cozy Grove,$14.99,2021
Ball-it Hell,$2.99,2024
Batman‚Ñ¢: Arkham Origins,$3.99,2013
Monster College,$9.99,2023
The Longest Walk,-,2022
PULSAR: Lost Colony,$24.99,2021
FINAL FANTASY XII THE ZODIAC AGE,$49.99,2018
REAVER,$14.99,2023
Creepy Tale 3: Ingrid Penance,$4.49,2023
Human-powered spacecraft,$0.99,2018
Last Stand Delivery,$6.99,2024
Magicube,$2.39,2023
Unravel,$19.99,2020
Detective Girl of the Steam City,$14.99,2019
TRATRITLE,$19.99,2022
Planet S,-,2023
Koi x Shin Ai Kanojo,$34.99,2023
CaseCracker2,$10.79,2024
theHunter: Call of the Wild‚Ñ¢,$19.99,2017
Ready or Not,$29.99,2023
Plan B: Terraform,$11.99,2023
My Garage,$19.99,2021
Cats and Seek : Dino Park,$1.59,2024
Day of Defeat,$4.99,2003
Marble It Up! Ultra,$11.99,2018
YOHANE THE PARHELION -BLAZE in the DEEPBLUE-,$29.99,2023
Life is Strange: True Colors,$59.99,2021
Spirit Island,$9.99,2020
SKYE,-,2020
100 hidden mice,$0.49,2021
Sand:box,$3.99,2023
The Wandering Village,$24.99,2022
NEO: The World Ends with You,$59.99,2022
The Spike,$0.74,2020
Jigsaw Puzzle Dreams,-,2021
FINAL FANTASY VII REMAKE INTERGRADE,$69.99,2022
Fallout Shelter,-,2017
Eukarion Tales 2,$0.89,2023
Nioh 2 ‚Äì The Complete Edition,$49.99,2021
My Neighbor's Lonely Wife 2,$9.99,2023
Wedding Witch,$4.99,2023
Unboxing the Cryptic Killer,$3.59,2023
City Zoomer,$0.69,2021
Sheaf - Together EP,-,2019
Thronebreaker: The Witcher Tales,$19.99,2018
Oblivion Override,$17.99,2024
Godrop,$4.49,2024
Succubus Affection,$19.99,2020
Meowjiro,$4.99,2022
Sid Meier's Civilization¬Æ III Complete,$4.99,2006
Lootun,$5.49,2024
LEGO¬Æ Batman‚Ñ¢: The Videogame,$4.99,2008
Fida Puti Samurai,$11.99,2024
Shrine II,-,2020
Coffin of Ashes,$3.49,2016
Demeo,$38.98,2021
The Bridge Curse Road to Salvation,$19.99,2022
9 Clues 2: The Ward,$14.99,2015
Asleep - Ato 1,$7.99,2024
Shank,$9.99,2010
ÊîªÂüé‰∏éÂè¨Âî§ Siege and Summons „Äê5ÂàÜÈíü‰∏ÄÂ±Ä Á≠ñÁï•Á´ûÊäÄ „Äë,-,2024
NavalArt,$14.99,2018
Dusk Pub,$12.99,2024
Juno: New Origins,$19.99,2023
"Double Cheeseburger, Medium Fries",-,2023
Stilt Fella,$12.99,2020
"Warhammer 40,000: Dawn of War II",$3.99,2009
Tony Hawk's‚Ñ¢ Pro Skater‚Ñ¢ 1 + 2,$39.99,2023
Potionomics,$24.99,2022
Through the Ages,$15.99,2018
Xanadu Next,$14.99,2016
SUPER ROBOT WARS X,-,2020
Mecha Knights: Nightmare,$15.99,2021
Skator Gator 3D,$4.99,2023
Monster Hunter: World,$29.99,2018
The Sims‚Ñ¢ 4,-,2020
Deducto,-,2022
Rust,$39.99,2018
SCP: Observer,-,2023
Killing Floor 2,$29.99,2016
Skeleton Boomerang,$9.99,2017
Selene ~Apoptosis~,-,2023
Final Approach,$14.99,2016
Autonauts,$19.99,2019
Knightly Passions,$11.99,2024
SYNTHETIK: Arena,-,2019
The Break-In,$19.99,2023
Brothers in Arms: Hell's Highway‚Ñ¢,$9.99,2008
The Old Tree,-,2015
Tails of Iron,$24.99,2021
Toribash,-,2014
THE KING OF FIGHTERS '98 ULTIMATE MATCH FINAL EDITION,$14.99,2014
GINKA,$22.99,2023
Rewrite+,$49.99,2021
Void Stranger,$11.99,2023
Atelier Rorona ~The Alchemist of Arland~ DX,$39.99,2018
BOOMEROAD,-,2024
Dead Seater,-,2021
Manor Lords,$39.99,2024
Battle Brothers,$29.99,2017
Sailwind,$19.99,2021
The Saboteur‚Ñ¢,$9.99,2024
Tiny Town VR,$14.99,2017
Sonic Adventure 2,$9.99,2012
Wish,$2.09,2020
Maximum Action,$19.99,2018
Backfirewall_,$14.99,2023
Star Drift Evolution,$14.99,2021
No Straight Roads: Encore Edition,$24.99,2021
Rift Wizard 2,$17.99,2024
Russian Life Simulator,$0.49,2019
Impact Point,-,2022
Every Letter,-,2023
Pillars of Eternity,$29.99,2015
Craft The World,$18.99,2014
NEKOPARA - Catboys Paradise,-,2021
Isles of Sea and Sky,$17.99,2024
Cube Racer,-,2017
Dungeon Keeper Gold‚Ñ¢,$4.99,2024
This Bed We Made,$24.99,2023
Quadrilateral Cowboy,$19.99,2016
UBERMOSH:SANTICIDE,$0.49,2018
Grand Theft Auto V,$14.98,2015
"Warhammer 40,000: Battlesector",$19.99,2021
Contraband Police: Prologue,-,2021
Train Valley 2,$14.99,2019
Crysis 2 Remastered,$29.99,2022
Oppai Muse,$1.19,2020
Let's Build a Zoo,$19.99,2021
BIOMORPH,$19.99,2024
Astrometica: Prologue,-,2024
FATAL FRAME / PROJECT ZERO: Mask of the Lunar Eclipse,$49.99,2023
Miss Neko,$0.99,2019
Yu Crossing Animals,-,2021
Hello Neighbor Pre-Alpha,-,2019
Dreadhalls,$9.99,2017
My succubus Kukula,-,2024
100 hidden birds 2,$1.99,2021
She Will Punish Them,$15.99,2020
SimRail - The Railway Simulator,$34.99,2023
My Dream Setup,$5.99,2023
Glory & Miserable Survivors DX,$9.99,2023
Orion Sandbox Enhanced,$1.99,2018
FINAL FANTASY IV,$17.99,2021
Deisim,$14.99,2022
Duskers,$19.99,2016
FUCK PUTIN,-,2022
Supaplex,$14.99,2018
To Be or Not to Be,$12.99,2022
Happy Game,$5.25,2021
STANDBOX,$7.99,2023
TimeShifters,$4.99,2022
Coral Island,$29.99,2023
Arcana: Heat and Cold. Season 1,$4.99,2020
100 hidden eternals,$1.99,2020
Cataclysm: Dark Days Ahead,$19.99,2023
Demonheart,$6.99,2017
TEST TEST TEST,-,2024
Inkbound,$29.99,2024
Cloudpunk,$19.99,2020
The Shadow of Yidhra,$6.04,2021
Time Wasters,$3.99,2023
Combat Master: Season 1,-,2023
The Pathless,$15.99,2021
The Mammoth: A Cave Painting,-,2017
The Warmth Between Us,$6.99,2020
Potty Knight Saga,$5.99,2024
The Medium,$49.99,2021
Ghostbusters: The Video Game Remastered,$24.99,2020
Wanba Warriors,$4.99,2020
Terror of Hemasaurus,$6.49,2022
WitchHand,$11.99,2024
DiRT Rally 2.0,$19.99,2019
Swaying Girl,$0.99,2020
Trick and Treat - Visual Novel,-,2016
Island Farmer - Jigsaw Puzzle,$1.99,2021
Blackout Hospital,-,2023
Zombie Kill of the Week - Reborn,$6.99,2015
PolyZen Drive,$4.99,2024
Jurassic World Evolution 2,$17.99,2021
Skinwalker Hunt,$12.99,2022
Darkest Hour: Europe '44-'45,-,2009
"Help Me Remember, Satori-sama!",$6.99,2022
Void Crew,$21.99,2023
RollerCoaster Tycoon¬Æ 2: Triple Thrill Pack,$9.99,2014
Lair Land Story,$5.99,2020
Fox! Hen! Bag!,-,2020
Boris and the Dark Survival,$2.99,2020
Social Moth,$0.99,2022
Looking For Cats In a Badly Drawn City,-,2024
Lacey's Wardrobe,-,2024
Stellaris,$39.99,2016
Gordian Quest,$19.99,2022
Doors: Paradox,$14.99,2022
The Conquest of Go,$14.99,2020
Assassin‚Äôs Creed¬Æ Brotherhood,$19.99,2011
HAAK,$17.99,2022
Changeling Tale,$19.99,2023
Pyroworks,-,2023
Soccer Kids Alpha,-,2023
My Time at Sandrock,$39.99,2023
Little Witch in the Woods,$15.99,2022
Super Woden GP 2,$12.99,2023
Eukarion Tales 2,$0.89,2023
Nioh 2 ‚Äì The Complete Edition,$49.99,2021
Nine-Tailed Okitsune Tale,$17.99,2023
Higurashi When They Cry Hou - Rei,$5.99,2022
My Neighbor's Lonely Wife 2,$9.99,2023
Looking for Aliens,$3.99,2021
Etaine: Magic Survivor / ‰ºäÊ≥∞ÊÅ©ÔºöÈ≠îÊ≥ïÂπ∏Â≠òËÄÖ,$3.49,2023
ËßÖÂÖâÔºöÁ¨¨‰∏ÄÁ´† - Seeking Light : Chapter 1,-,2023
Wedding Witch,$4.99,2023
Unboxing the Cryptic Killer,$3.59,2023
City Zoomer,$0.69,2021
Sheaf - Together EP,-,2019
Banana Drama,-,2022
Thronebreaker: The Witcher Tales,$19.99,2018
Oblivion Override,$17.99,2024
Godrop,$4.49,2024
Succubus Affection,$19.99,2020
Meowjiro,$4.99,2022
Sid Meier's Civilization¬Æ III Complete,$4.99,2006
Lootun,$5.49,2024
"""LIFE"" not found;",-,2022
LEGO¬Æ Batman‚Ñ¢: The Videogame,$4.99,2008
Fida Puti Samurai,$11.99,2024
Shrine II,-,2020
Coffin of Ashes,$3.49,2016
Demeo,$38.98,2021
The Bridge Curse Road to Salvation,$19.99,2022
9 Clues 2: The Ward,$14.99,2015
Asleep - Ato 1,$7.99,2024
Shank,$9.99,2010
ÊîªÂüé‰∏éÂè¨Âî§ Siege and Summons „Äê5ÂàÜÈíü‰∏ÄÂ±Ä Á≠ñÁï•Á´ûÊäÄ „Äë,-,2024
NavalArt,$14.99,2018
Dusk Pub,$12.99,2024
Talented,$3.99,2023
Juno: New Origins,$19.99,2023
"Double Cheeseburger, Medium Fries",-,2023
Stilt Fella,$12.99,2020
"Warhammer 40,000: Dawn of War II",$3.99,2009
Tony Hawk's‚Ñ¢ Pro Skater‚Ñ¢ 1 + 2,$39.99,2023
WooLoop,-,2023
Potionomics,$24.99,2022
Through the Ages,$15.99,2018
Xanadu Next,$14.99,2016
SUPER ROBOT WARS X,-,2020
Mecha Knights: Nightmare,$15.99,2021
Skator Gator 3D,$4.99,2023
Monster Hunter: World,$29.99,2018
The Sims‚Ñ¢ 4,-,2020
Deducto,-,2022
Rust,$39.99,2018
Lewd Gym,$9.99,2023
SCP: Observer,-,2023
Killing Floor 2,$29.99,2016
Skeleton Boomerang,$9.99,2017
Pygmalion,$4.99,2023
Underlevel,-,2023
Selene ~Apoptosis~,-,2023
Final Approach,$14.99,2016
Autonauts,$19.99,2019
Knightly Passions,$11.99,2024
SYNTHETIK: Arena,-,2019
The Break-In,$19.99,2023
Brothers in Arms: Hell's Highway‚Ñ¢,$9.99,2008
The Old Tree,-,2015
Tails of Iron,$24.99,2021
Toribash,-,2014
THE KING OF FIGHTERS '98 ULTIMATE MATCH FINAL EDITION,$14.99,2014
UDONGEIN X,$4.99,2021
GINKA,$22.99,2023
Rewrite+,$49.99,2021
Void Stranger,$11.99,2023
Komorebi,$19.99,2023
Atelier Rorona ~The Alchemist of Arland~ DX,$39.99,2018
BOOMEROAD,-,2024
Dead Seater,-,2021
Manor Lords,$39.99,2024
Battle Brothers,$29.99,2017
Sailwind,$19.99,2021
The Saboteur‚Ñ¢,$9.99,2024
Tiny Town VR,$14.99,2017
Sonic Adventure 2,$9.99,2012
Wish,$2.09,2020
Maximum Action,$19.99,2018
Backfirewall_,$14.99,2023
Star Drift Evolution,$14.99,2021
No Straight Roads: Encore Edition,$24.99,2021
Rift Wizard 2,$17.99,2024
Russian Life Simulator,$0.49,2019
Impact Point,-,2022
Every Letter,-,2023
Pillars of Eternity,$29.99,2015
Craft The World,$18.99,2014
NEKOPARA - Catboys Paradise,-,2021
Isles of Sea and Sky,$17.99,2024
Cube Racer,-,2017
UsoNatsu ~The Summer Romance Bloomed From A Lie~,$24.99,2023
Dungeon Keeper Gold‚Ñ¢,$4.99,2024
This Bed We Made,$24.99,2023
Quadrilateral Cowboy,$19.99,2016
UBERMOSH:SANTICIDE,$0.49,2018
Grand Theft Auto V,$14.98,2015
"Warhammer 40,000: Battlesector",$19.99,2021
Contraband Police: Prologue,-,2021
Train Valley 2,$14.99,2019
Crysis 2 Remastered,$29.99,2022
Oppai Muse,$1.19,2020
Let's Build a Zoo,$19.99,2021
BIOMORPH,$19.99,2024
Astrometica: Prologue,-,2024
FATAL FRAME / PROJECT ZERO: Mask of the Lunar Eclipse,$49.99,2023
Miss Neko,$0.99,2019
Yu Crossing Animals,-,2021
Hello Neighbor Pre-Alpha,-,2019
Dreadhalls,$9.99,2017
My succubus Kukula,-,2024
100 hidden birds 2,$1.99,2021
She Will Punish Them,$15.99,2020
SimRail - The Railway Simulator,$34.99,2023
ÂπªÁé∞ÁöÑËä±Êµ∑ - Sea of Phantom Flowers,-,2024
Goonect,-,2022
My Dream Setup,$5.99,2023
Fallen Shinobi,$14.99,2023
Glory & Miserable Survivors DX,$9.99,2023
Orion Sandbox Enhanced,$1.99,2018
FINAL FANTASY IV,$17.99,2021
Deisim,$14.99,2022
Franzen,-,2023
Duskers,$19.99,2016
FUCK PUTIN,-,2022
Camp Buddy: Scoutmaster Season,$39.99,2022
ÊúàËóçÂÇ≥Â•áREMAKEÂè§ÊñáÊòé‰πãË¨é,$29.99,2024
Supaplex,$14.99,2018
„Ç´„É´„Éà„Å´Âé≥„Åó„ÅÑ„ÇÆ„É£„É´-CULT VS GAL-,$4.99,2024
To Be or Not to Be,$12.99,2022
My Suika - Watermelon Game,$0.99,2023
ASTROLANCER,$5.99,2024
The Last Stand Legacy Collection,$9.99,2021
CHARMING HEART,$11.99,2023
Battlefield‚Ñ¢ 1,$39.99,2020
SAND LAND,$59.99,2024
UBERMOSH,$0.49,2015
Magicka,$9.99,2011
SCP: Secret Files,$14.99,2022
Dread Delusion,$19.99,2024
Mister Furry,$0.99,2022
Hentai Vs Furries,$0.99,2020
Swarm,-,2020
We Who Are About To Die,$21.99,2022
My Little Universe,$14.99,2023
Myths of Rules,$2.99,2023
Cavity Busters,$14.99,2022
ENTROPOLY,$9.99,2023
SOVL: Fantasy Warfare,-,2023
The Jewel of Monostructure,$2.69,2021
Ballads of Reemus: When the Bed Bites,$4.99,2015
Love Esquire - RPG/Dating Sim/Visual Novel,$24.99,2019
The Sapling,$12.99,2019
Croakoloco,$5.99,2024
Supreme Commander,$12.99,2011
Green Hell,$8.58,2019
Among the Sleep - Enhanced Edition,$16.99,2014
Crysis 3 Remastered,$29.99,2022
"Calm Down, Stalin",$3.99,2016
The Inner World,$14.99,2013
QUICKERFLAK,$0.49,2022
Goodbye Volcano High,$29.99,2023
Game Dev Story,$8.99,2022
Snowdrop Escape,-,2021
Walking Simulator,-,2020
FlatOut: Ultimate Carnage Collector's Edition,$19.99,2008
Ê≤âÈªòÁöÑËüãËüÄ,$14.99,2023
Super Bunny Man,$14.99,2023
Lost Lands: A Hidden Object Adventure,-,2015
Looking Up I See Only A Ceiling,$1.99,2023
Farlanders: Prologue,-,2021
Sid Meier‚Äôs Civilization¬Æ VI,$59.99,2016
Resident Evil 7 Teaser: Beginning Hour,-,2016
CHRONO TRIGGER¬Æ,$14.99,2018
River Town Factory,$11.99,2024
One Dreamer,$15.99,2022
Lucid9: Inciting Incident,-,2016
Little-Known Galaxy,$19.99,2024
Hydroneer,$14.99,2020
Void Whispers,-,2024
Instruction,-,2024
Geometry Wars‚Ñ¢ 3: Dimensions Evolved,$14.99,2014
Assassin's Creed¬Æ Origins,$59.99,2017
"Please, Don‚Äôt Touch Anything",$4.99,2015
Forever Skies,$22.49,2023
The Light Brigade,$24.99,2023
Christmas Massacre,$7.99,2021
Gedonia,$14.99,2022
I Am Future: Cozy Apocalypse Survival,$9.74,2023
Lorelai,$9.99,2019
Akatori: –°hapter One,-,2024
Sheep Love,$1.99,2021
Cat Warfare,-,2020
Sons Of The Forest,$29.99,2024
Solar Ash,$15.99,2022
Jivana,-,2022
Fabledom,$13.64,2024
GTTOD: Get To The Orange Door,$19.99,2017
Circa Infinity,$11.99,2015
Poker Master,-,2020
Sniper Elite: Nazi Zombie Army,$2.24,2013
Breakout 13,$9.99,2023
The House of Da Vinci,$19.99,2017
Marc Eck≈ç's Getting Up: Contents Under Pressure,$14.99,2013
Elle: Portal,-,2023
Dungeons 4,$49.99,2023
Bewitching Sinners,$17.99,2024
Twilight Oracle,$9.99,2024
Monster Line of Defense,$1.59,2023
After the Inferno,-,2022
Wizard And Minion Idle,-,2019
Mafia,$14.99,2002
Storm Chasers,$12.99,2019
Anode Heart,$17.99,2023
Yokai Art: Night Parade of One Hundred Demons,$6.99,2022
The Enjenir,$14.99,2023
Ys I & II Chronicles+,$14.99,2013
Painkiller: Black Edition,$9.99,2007
That Which Gave Chase,$4.99,2023
Scoot,$12.99,2020
Killer Instinct,-,2017
Enshrouded,$29.99,2024
JoJo's Bizarre Adventure: All-Star Battle R,$49.99,2022
Operation: Tango,$19.99,2021
Traum,-,2018
Fury Unleashed,$19.99,2020
Five Nights at Freddy's: Security Breach,$39.99,2021
Never Mourn,$14.99,2024
Da Capo 3 R,$39.99,2017
Disgaea 5 Complete,$39.99,2018
Reigns,$2.99,2016
A Difficult Game About Climbing,$9.99,2024
Personal Study,$7.99,2024
Beholder 2,$3.59,2018
Band Camp Boyfriend,$19.99,2023
Nihilumbra,$7.99,2013
Athenian Rhapsody,$12.74,2024
Super Video Golf,$8.99,2023
Journey To The Savage Planet,$29.99,2021
City Game Studio: Your Game Dev Adventure Begins,$15.99,2021
Pool 2D - Poolians,-,2019
Total Party Kill,$4.99,2019
Zombie Army Trilogy,$4.49,2015
Street Fighter‚Ñ¢ 6,$59.99,2023
Broken Sword 5 - the Serpent's Curse,$24.99,2013
Deponia,$9.99,2012
Penguins Arena: Sedna's World,$5.99,2008
non-binary,-,2022
Pinball FX3,-,2017
HARD BULLET,$19.99,2020
Midnight Fight Express,$19.99,2022
IL-2 Sturmovik: 1946,$9.99,2008
Rush Rally Origins,$9.89,2022
Shotgun Legend,$0.99,2018
M.A.S.S. Builder,$24.99,2019
Playing Kafka,-,2024
HYNPYTOL,$10.49,2023
Nordic Ashes: Survivors of Ragnarok,$8.99,2024
"I Have No Mouth, and I Must Scream",$5.99,2013
Hellevator,-,2021
Agrou,$4.99,2020
Atari 50: The Anniversary Celebration,$39.99,2022
I commissioned some bees 2,$0.99,2022
Time Clickers,-,2015
ÊúàÁêÉÂù†ËêΩÊó∂ Moon Fall,$4.19,2021
Êù±Âë®ÂàóËêåÂøó Philosophic Love,-,2018
Spellmasons,$19.99,2023
SUPER CRAZY RHYTHM CASTLE,$39.99,2023
Songs of Conquest,$27.99,2024
Stardeus,$29.99,2022
Starcom: Unknown Space,$19.99,2022
Cyber Knights: Flashpoint,$29.99,2023
DCS World Steam Edition,-,2013
Death and Taxes,$12.99,2020
Overboard!,$14.99,2021
HunieCam Studio,$6.99,2016
Blush Blush,-,2020
The Legend of Heroes: Ao no Kiseki KAI,$34.99,2022
Home Wind,-,2022
Blacktop Hoops,$29.99,2024
Puzzline,$3.19,2022
Wolfpack,$34.99,2019
HER TREES : THE PUZZLE HOUSE,$1.99,2024
Minit,$9.99,2018
OXENFREE II: Lost Signals,$19.99,2023
Stronghold 2: Steam Edition,$14.99,-
Drunken Wrestlers 2,-,2019
Chess for idiots,-,2024
RUN: The world in-between,$3.99,2022
DeadOS,$11.99,2021
Farm Frenzy 2,$4.99,2010
Milthm,-,2023
Garfield Kart,$4.99,2015
Just King,$4.99,2023
NARUTO SHIPPUDEN: Ultimate Ninja STORM 2,$4.99,2017
The Legend of Heroes: Trails through Daybreak,$59.99,2023
Sable's Grimoire: A Dragon's Treasure,$5.99,2020
Stunt Paradise,$7.99,2024
Pogo Rogue,-,2024
Rexaura,-,2014
Crashphalt,-,2018
Changed,$4.99,2018
Slender: The Arrival,$19.99,2013
Robolife2 - Nova Duty,$14.99,2023
Echoes of the Plum Grove,$19.99,2024
Vaygren - Lustful Temptation,$7.99,2024
Timeloop: Sink Again Beach,$11.99,2022
Hob,$3.99,2017
Valfaris: Mecha Therion,$19.99,2023
Please Knock on My Door,$12.99,2017
MELTY BLOOD: TYPE LUMINA,$49.99,2021
War of Rights,$29.99,2018
Adorable Witch,$1.99,2021
Ru Lin Wai Shi Fan Jin,$5.39,2024
Just Act Natural,-,2022
Herald of Havoc,$18.99,2023
Age of Empires IV: Anniversary Edition,$39.99,2021
Drug Dealer Simulator,$19.99,2020
Lemonade Apocalypse,-,2024
Solasta: Crown of the Magister,$29.99,2021
Olija,$14.99,2021
Realms Of Bondage,$14.99,2024
CHAOS;HEAD NOAH,$24.99,2022
The Unluckiest Man,-,2022
Expeditions: Rome,$44.99,2022
SurrounDead,$11.99,2022
Succubus Cafe,$29.99,2021
Syberia,$12.99,2011
Race for the Galaxy,$7.99,2017
The Dark Pictures Anthology: House of Ashes,$29.99,2021
Drug Dealer Simulator: Free Sample,-,2020
Klaus Veen's Treason,-,2023
Fleximan,$0.99,2024
Astrox Imperium,$14.99,2019
Midnight Heist,$9.99,2023
Èõ®È∏¶ - You are my sanctuary,-,2018
EVERSPACE‚Ñ¢ 2,$49.99,2023
‰Ω†Â∑≤ÁªèÁåúÂà∞ÁªìÂ±Ä‰∫ÜÂêó,$5.59,2022
Chessplosion,$11.99,2021
Wrench,$29.99,2018
Yohane the Parhelion - NUMAZU in the MIRAGE -,$26.99,2024
F.I.S.T.: Forged In Shadow Torch,$29.99,2021
Toilet Chronicles,$9.99,2022
Cat's Kiss,$14.99,2022
PowerSlave Exhumed,$19.99,2022
Edna & Harvey: Harvey's New Eyes,$19.99,2012
Postmouse,-,2023
Don't Be Afraid - The First Toy,-,2020
My Suika - Watermelon Game,$0.99,2023
ASTROLANCER,$5.99,2024
VTuber Connect,-,2022
The Last Stand Legacy Collection,$9.99,2021
CHARMING HEART,$11.99,2023
ÈïúËä±È•¥ÊÉÖ Mirage Sugar Acacia,$2.99,2024
Battlefield‚Ñ¢ 1,$39.99,2020
SAND LAND,$59.99,2024
UBERMOSH,$0.49,2015
Magicka,$9.99,2011
SCP: Secret Files,$14.99,2022
Dread Delusion,$19.99,2024
Mister Furry,$0.99,2022
Hentai Vs Furries,$0.99,2020
Swarm,-,2020
We Who Are About To Die,$21.99,2022
My Little Universe,$14.99,2023
The Jackbox Party Pack 8,$29.99,2021
Myths of Rules,$2.99,2023
Against Great Darkness,$6.99,2024
Cavity Busters,$14.99,2022
ENTROPOLY,$9.99,2023
SOVL: Fantasy Warfare,-,2023
The Jewel of Monostructure,$2.69,2021
Ballads of Reemus: When the Bed Bites,$4.99,2015
Love Esquire - RPG/Dating Sim/Visual Novel,$24.99,2019
The Sapling,$12.99,2019
Croakoloco,$5.99,2024
Supreme Commander,$12.99,2011
Green Hell,$8.58,2019
Among the Sleep - Enhanced Edition,$16.99,2014
Dwerve: Prologue,-,2021
Crysis 3 Remastered,$29.99,2022
"Calm Down, Stalin",$3.99,2016
The Inner World,$14.99,2013
QUICKERFLAK,$0.49,2022
Goodbye Volcano High,$29.99,2023
Game Dev Story,$8.99,2022
Snowdrop Escape,-,2021
Walking Simulator,-,2020
FlatOut: Ultimate Carnage Collector's Edition,$19.99,2008
Ê≤âÈªòÁöÑËüãËüÄ,$14.99,2023
Super Bunny Man,$14.99,2023
Lost Lands: A Hidden Object Adventure,-,2015
Looking Up I See Only A Ceiling,$1.99,2023
Farlanders: Prologue,-,2021
Sid Meier‚Äôs Civilization¬Æ VI,$59.99,2016
Resident Evil 7 Teaser: Beginning Hour,-,2016
CHRONO TRIGGER¬Æ,$14.99,2018
River Town Factory,$11.99,2024
Vanity Fair: The Pursuit,$6.99,2024
One Dreamer,$15.99,2022
Lucid9: Inciting Incident,-,2016
Krimson,$9.99,2024
Little-Known Galaxy,$19.99,2024
Knight's Try,$9.99,2022
Hydroneer,$14.99,2020
My Furry Protogen üêæ,$3.99,2023
Tailbound,$4.99,2022
Void Whispers,-,2024
Instruction,-,2024
Geometry Wars‚Ñ¢ 3: Dimensions Evolved,$14.99,2014
Assassin's Creed¬Æ Origins,$59.99,2017
"Please, Don‚Äôt Touch Anything",$4.99,2015
Forever Skies,$22.49,2023
The Light Brigade,$24.99,2023
Christmas Massacre,$7.99,2021
Gedonia,$14.99,2022
I Am Future: Cozy Apocalypse Survival,$9.74,2023
Lorelai,$9.99,2019
Akatori: –°hapter One,-,2024
Sheep Love,$1.99,2021
Cat Warfare,-,2020
Sons Of The Forest,$29.99,2024
Solar Ash,$15.99,2022
Heaven Dust 2,$14.99,2022
Jivana,-,2022
Seal: WHAT the FUN,$14.99,2024
Fabledom,$13.64,2024
GTTOD: Get To The Orange Door,$19.99,2017
Circa Infinity,$11.99,2015
9 Childs Street,$6.99,2023
Fungiman,-,2022
Dragon Blaze,$9.99,2020
Space Haven,$22.99,2020
yahtzee girl,$2.99,2023
The LEGO¬Æ Movie - Videogame,$19.99,2014
Mad Island,$16.99,2024
Fears to Fathom - Norwood Hitchhike,$4.99,2022
We Need To Go Deeper,$15.99,2019
ÈïáÈÇ™,$8.99,2022
The Secret of Retropolis,$3.99,2021
Arena,-,2020
Tick Tock: A Tale for Two,$5.99,2019
Adventure Time: Pirates of the Enchiridion,$24.99,2018
Mother Russia Bleeds,$14.99,2016
HimeYoku: A Sacrifice of Lust and Grace,$9.99,2022
Lowglow,$3.99,2015
Fortress Forever,-,2015
Need for Speed‚Ñ¢ Payback,$29.99,2020
Stealth Bastard Deluxe,$9.99,2012
September 7th,$1.88,2023
Switchcars,$8.99,2021
Sensorium,$2.49,2020
Old Man's Journey,$7.99,2017
Oblivious Garden ~Carmina Burana,$5.99,2014
Headliner: NoviNews,$13.99,2018
AHEGAL,$1.19,2018
ÊàòÂß¨ÂÜõÂõ¢,-,2023
Bosorka,$5.99,2023
Goblin Summer Camp,-,2020
Cliff Empire,$14.99,2019
Femboy Aim Trainer,$0.99,2023
Virtual Rides 3 - Funfair Simulator,$24.99,2017
Neko Neko,$0.99,2020
Is this Game Trying to Kill Me? Preface,-,2024
I commissioned some bees 5,$1.99,2022
Having a HARD Time,$12.99,2024
Cross Concerto,$29.99,2022
Amazing Cultivation Simulator,$24.99,2020
Cat Cafe Manager,$9.99,2022
Have a Nice Death,$24.99,2023
F1¬Æ 23,$69.99,2023
Age of Chivalry,-,2008
Rolled Out!,$19.99,2021
Savant - Ascent REMIX,$9.99,2023
I'm on Observation Duty 2,$2.99,2020
10 Seconds to Win!,$0.99,2021
Late Shift,$4.34,2017
Vigil: The Longest Night,$13.19,2020
The Crackpet Show,$16.99,2022
MX vs. ATV Reflex,$19.99,2010
Gary Grigsby's War in the East 2,$39.99,2021
WAVESHAPER,$1.99,2017
„Éò„Éñ„É≥„Éê„Éº„É≥„Ç∫„É¨„ÉÉ„Éâ,-,2022
Grapple Dog,$3.74,2022
Pirate Fighting Simulator,-,2023
PLEASE STOP CRYING,$2.99,2024
Oddsparks: An Automation Adventure,$19.99,2024
Inertial Drift,$1.99,2020
Helpless,-,2023
Lost Ruins,$19.99,2021
Fresh Start Cleaning Simulator,$9.99,2022
YORG.io,$0.79,2019
Ideology in Friction,$24.99,2019
Hamster Playground,-,2022
„Éá„É≥„Éë„Éà„Ç¶,-,2024
Tap Ninja - Idle game,-,2022
Emi - New Beginning,$1.99,2022
.hack//G.U. Last Recode,$49.99,2017
Sword and Fairy 2,$5.99,2021
Ginkgo,-,2020
Gatekeeper,$14.99,2024
SPRAWL,$7.49,2023
Military Conflict: Vietnam,$9.99,2022
Miracle Sudoku,$4.99,2020
Colt Canyon,$14.99,2020
No one lives under the lighthouse Director's cut,$6.99,2020
Disney‚Ä¢Pixar Brave: The Video Game,$19.99,2014
SISYPHUS,-,2021
[Chilla's Art] Aka Manto | Ëµ§„Éû„É≥„Éà,$4.99,2019
My Slow Life with the Princess Knight and Her Devoted Handmaiden,$11.99,2023
Evan's Remains,$6.99,2020
Surmount: A Mountain Climbing Adventure,$14.99,2024
Without Within 3 (ÂàùË°∑),$2.49,2018
Legion TD 2 - Multiplayer Tower Defense,$24.99,2021
PARANOIA PLACE,$3.99,2023
Phucker in the Woods,-,2019
Simmiland,$4.99,2018
Mr. Shifty,$2.99,2017
I Fetch Rocks,$15.99,2022
SpellForce - Platinum Edition,$1.99,2009
Angvik,$2.99,2014
Grapples Galore,-,2023
Moonlight Pulse,$11.99,2024
Storyteller,$9.89,2023
Lunch Lady,$4.99,2021
Kidnapped Girl,-,2020
Cornucopia¬Æ,$24.99,2023
Darius Cozmic Collection Arcade,$44.99,2021
Aztlan Uncovered: Prologue,-,2022
100 Robo Cats,-,2024
EarthX,$19.99,2023
MOLEK-SYNTEZ,$4.99,2019
The Kotonoha Sisters and the Legend of Lysant Island,$16.99,2021
Zompiercer,$19.99,2020
Shiver,-,2017
Stronghold: Definitive Edition,$14.99,2023
Kebab Chefs! - Restaurant Simulator,$17.99,2024
Cavalry Girls,$9.99,2023
Fashion Police Squad,$5.99,2022
Casino Resort Tower,$19.99,2023
How Buddy‚Äôs parents met - a jigsaw puzzle tale,$1.99,2020
A Divine Guide To Puzzle Solving,$5.99,2024
Axiom of Maria,$9.99,2024
PERIMETER: Legate Edition,$9.99,2024
"What have you done, Father?",$5.59,2024
GUNBIRD 2,$9.99,2020
Teamfight Manager,$9.99,2021
Umineko: Golden Fantasia,$24.99,2017
Coromon,$7.99,2022
Brothers in Arms: Road to Hill 30‚Ñ¢,$9.99,2008
Dark Siren,$2.99,2022
Cozy Caravan,$19.99,2024
Wishful Journey:Love Across Time,$9.99,2024
Cafe Master Story,$8.99,2023
They Are Billions,$29.99,2019
World of Tanks,-,2021
Crystal Guardians,$13.99,2024
FREAKHUNTER,$3.99,2024
Colony Ship: A Post-Earth Role Playing Game,$39.99,2023
Iconoclasts,$19.99,2018
Two Point Campus,$7.49,2022
Survival: Fountain of Youth,$25.19,2024
The Designer's Curse,-,2019
Cats Make You Smarter!,-,2017
Hitman: Contracts,$8.99,2014
Kingsvein,$19.99,2024
Evening Surprise,-,2017
Newton Going Home,$1.99,2022
Knights of Pen and Paper 2,$7.99,2015
Far Cry¬Æ Primal,$7.49,2016
S.T.A.L.K.E.R.: Clear Sky,$9.99,2008
Sepia Tears,-,2016
Inkulinati,$24.99,2024
Alicemare,$1.19,2016
Trinity Fusion,$19.99,2023
Maid for Loving You,$19.99,2022
Snowman Story,$3.74,2023
Fractured Horizon,-,2024
King of Light,-,2023
Deep Rock Galactic: Survivor,$9.99,2024
Idle Slayer,-,2020
Cats Everywhere,$0.99,2024
War for the Overworld,$5.99,2015
Cloud Meadow,$19.99,2020
Warhammer: Vermintide 2,$5.99,2018
Batman - The Telltale Series,$14.99,2016
Ride 2,$24.99,2016
Dwarven Realms,$4.99,2022
Ants Took My Eyeball,$16.99,2024
UuultraC,$34.99,2022
Bitardia,$5.99,2021
Blaster Master Zero 2,$9.99,2019
Lolita Expedition,$5.99,2022
Twilight Struggle,$9.99,2016
Blazing Chrome,$5.77,2019
Departed Away,$3.24,2024
Syrian Warfare,$3.91,2017
Sanator: Scarlet Scarf,$3.39,2019
Murdered: Soul Suspect,$19.99,2014
Magic Research,$4.99,2023
Anomaly Exit,$5.99,2024
Â¶ÑÊÉ≥ÁóáÔºöDeliver Me,$1.99,2018
SteamWorld Quest: Hand of Gilgamech,$24.99,2019
This is a Ghost,$10.49,2024
DROD: Gunthro and the Epic Blunder,$9.99,2016
Puzzle Together Multiplayer Jigsaw Puzzles,-,2020
Lake,$19.99,2021
Tales of the Neon Sea,$3.73,2019
Nope Nope Nope Nope Nurses,$15.99,2023
The Plague Doctor of Wippra,$9.99,2022
EXIT 2,-,2021
Fuck You Witch,$9.99,2024
Farthest Frontier,$29.99,2022
Lizard Survivors: Battle for Hyperborea,$0.99,2023
Animal Shelter,$19.99,2022
MegaTagmension Blanc + Neptune VS Zombies (Neptunia),$14.99,2016
"Magical Mic Duel: Senpai, Hear My Spell",$4.19,2024
The Bible,$14.99,2022
Spikair Volleyball,$19.99,2023
Mortal Kombat X,$19.99,2015
Heretic's Fork,$5.99,2023
Space Trash Scavenger,$19.99,2023
Red Faction,$1.99,2001
Slay the Minotaur,$4.99,2024
Hentai Mosaique Vip Room,$1.99,2019
Headcrab Frenzy!,-,2015
Tomb Raider I-III Remastered Starring Lara Croft,$29.99,2024
Red Orchestra: Ostfront 41-45,$4.99,2006
Nevergrind Online,$15.99,2022
Tenioha! feat. Mami,$11.89,2023
Demonheart: The Cursed Trial,$18.39,2023
Gravitia,-,2024
outside the door,$1.99,2024
Nasty Zombies,$6.99,2024
Sable,$24.99,2021
üëë Idle Calibur üëëÔºàÈÄâÁéã‰πãÂâëÔºâ,$3.99,2022
Sakura Succubus 2,$2.99,2020
Princess & Conquest,$11.24,2023
„ÉÄ„É≥„Ç∏„Éß„É≥„Ç¢„Éº„ÉÜ„Ç£„Éï„Ç°„ÇØ„Éà,$9.99,2024
Idle ShowOff,$1.99,2023
First Cut: Samurai Duel,$8.99,2024
Scribble It!,-,2020
Beer Factory - Prologue,-,2023
The Princess of the Tower Wants a Hero,-,2022
Turn on the light - Jigsaw,-,2023
Increlution,$3.99,2021
Airborne Kingdom,$24.99,2022
Suicide Guy,$0.71,2017
Quickie: Fantasy Adventure,-,2023
Buriedbornes - Dungeon RPG,-,2022
ZERO Sievert,$19.99,2022
Mimic Search,-,2024
"FROM ASHES, BLOOM",-,2024
The Infected,$15.99,2020
Tiny Combat Arena,$19.99,2022
The Dungeon Beneath,$14.99,2020
Ozymandias: Bronze Age Empire Sim,$14.99,2022
Rabbit Hole,-,2024
Crawlspace 2,-,2023
Regiments,$29.99,2022
Call of Juarez: Bound in Blood,$0.99,2009
TSUNDERE MILFIN,$3.99,2023
Space Choice: Data Analyzer,-,2021
The Vanishing of Ethan Carter Redux,-,-
An English Haunting,$12.59,2024
Old Market Simulator,$7.99,2024
Free Will,-,2024
Haunt the House: Terrortown,$4.99,2014
Love Chase,$5.09,2024
No Fair Play,$9.99,2023
Banishers: Ghosts of New Eden,$49.99,2024
Circuit Superstars,$19.99,2021
Spell Disk,$14.99,2024
Tomb Raider II (1997),$6.99,2012
Alien Splatter Redux,$0.99,2017
6.0,$0.49,2019
Bread & Fred,$9.74,2023
Is It Wrong to Try to Shoot 'em Up Girls in a Dungeon?,-,2020
Thea: The Awakening,$19.99,2015
Ultimate Zombie Defense,$4.99,2020
Whispered Promises ~ 14 Days of Love with Anna,$15.99,2024
"Sex and the Furry Titty 3: Come Inside, Sweety",$8.49,2024
Saviorless,$9.74,2024
Gomoku Let's Go,$2.99,2021
SHOGUN: Total War‚Ñ¢ - Collection,$9.99,2015
FINAL FANTASY V,$17.99,2021
Armored Brigade,$39.99,2019
Ubinota,-,2015
NARUTO TO BORUTO: SHINOBI STRIKER,$4.99,2018
Solium Infernum,$39.99,2024
Galacticare,$26.99,2024
Russian Village Simulator,$14.99,2023
Fable Anniversary,$34.99,2014
Heaven's Vault,$24.99,2019
Nomad Survival,$4.99,2022
Heliopedia,$4.99,2021
Dishwashing Simulator,$9.99,2024
Eyes: The Horror Game,$2.99,2024
Assassin's Creed¬Æ Revelations,$19.99,2011
Jianghu Survivor,$6.99,2023
Ego's Spark,$11.99,2024
Portal Dungeon,$14.99,2023
Full Ace Tennis Simulator,$24.99,2018
Mini Airways: Prologue,-,2024
THE DEVIL HAUNTS ME,-,2019
Angel Wings,-,2021
Fireboy & Watergirl: Elements,$0.99,2019
ELDERBORN,$14.99,2020
Romancing SaGa -Minstrel Song- Remastered,$24.99,2022
Visage,$34.99,2020
GLASS,$1.39,2020
"ÁæéÂ•≥,Â∫îÊé•‰∏çÊöá",$6.99,2024
Them Bombs,$10.99,2019
Definitely Sneaky But Not Sneaky,$4.98,2019
Omega Strikers,-,2023
LEGO¬Æ Bricktales,$29.99,2022
Battlerite,-,2017
Zombie Army 4: Dead War,$7.49,2021
Escape Memoirs: Mini Stories,-,2022
ENSLAVED‚Ñ¢: Odyssey to the West‚Ñ¢ Premium Edition,$19.99,2013
Replica,$1.49,2016
TFC: The Fertile Crescent,$14.99,2022
Welcome to the Game II,$9.99,2018
Last Hope,$19.99,2024
Oxytone,$6.99,2023
The Witness,$39.99,2016
9-Bit Armies: A Bit Too Far,$15.99,2024
Call of Duty: United Offensive,$19.99,2006
Revenge Of The Colon,$7.99,2023
Assassin‚Äôs Creed¬Æ Rogue,$19.99,2015
Sker Ritual,$19.99,2024
StrikeForce Kitty,$3.19,2018
Ghost Girl Lasling,$15.99,2023
Mareld,$6.99,2024
Astral Gunners,$14.99,2020
Owinka Shooter 2,$4.99,2024
The Two of Us,-,2021
H-SNIPER: World War II,$0.99,2020
Len's Island,$24.99,2021
BLACKJACK and WAIFUS Hentai Version,$0.99,2022
Cue Club 2: Pool & Snooker,$18.99,2016
The Norwood Suite,$9.99,2017
Unspoken,$2.99,2024
Cozy Time,$2.99,2022
Ultimate Epic Battle Simulator 2,$19.99,2023
My Friend Peppa Pig,$39.99,2021
The Mirror Lied,-,2018
Worms W.M.D,$29.99,2016
Alwa's Legacy,$17.99,2020
Terror At Oakheart,$7.99,2024
Bloody Rally Show,$19.99,2020
United Penguin Kingdom: Huddle up,-,2023
Queen of the flies ËùáÂêé,$0.75,2022
Awesomenauts - the 2D moba,-,2012
SD GUNDAM G GENERATION CROSS RAYS,$39.99,2019
Bully: Scholarship Edition,$5.24,2008
Five Dates,$4.94,2020
Self Defense Dojo,$10.99,2024
Crazy Taxi,$7.99,2011
Worbital,$12.99,2019
BioGun,$19.99,2024
Penny Blood: Hellbound,$19.99,2024
2D Dawg 2,-,2023
CROSS‚Ä†CHANNEL: Steam Edition,$4.49,2018
Terra Nil,$24.99,2023
Hell Wedding Â§úÂ´Å,-,2020
ProtoCorgi,$1.74,2023
Psycholonials,-,2021
Propagation: Paradise Hotel,$19.99,2023
Skator Gator,$2.99,2022
Beyond Good and Evil‚Ñ¢,$9.99,2008
Amazing Grace -What color is your attribute?-,$34.99,2024
Shakedown: Hawaii,$19.99,2020
Liminal Border Part I,$10.49,2023
Self-Delusion,$4.89,2022
Lightyear Frontier,$24.99,2024
Oddworld: Stranger's Wrath HD,$9.99,2010
ÁõÆÁõ≤/Blind,$2.99,2022
Harvest Hunt,$15.29,2024
LIVE A LIVE,$49.99,2023
Bad Guys at School,$4.99,2020
Wildmender,$24.99,2023
METAL SLUG 2,$6.99,2016
Mud and Blood,$12.99,2021
Stranded: Alien Dawn,$34.99,2023
God Of Weapons,$5.99,2023
The Terrible Old Man,-,2019
Serial Cleaner,$14.99,2017
Chromosome Evil 2,$19.99,2024
The Music Machine,$4.99,2015
Center Station Simulator,$18.35,2024
Burger,-,2024
Magic Wand,$3.99,2017
CashGrab,$2.93,2022
Farm Together 2,$19.99,2024
Crash Bandicoot‚Ñ¢ 4: It‚Äôs About Time,$39.99,2022
Waltz of the Wizard,$19.99,2019
OPUS: The Day We Found Earth,$14.99,2016
XOXO Blood Droplets,-,2019
Tell Some Story: Foz,$9.99,2023
Stolen Realm,$19.99,2024
Trivia Tricks,$14.99,2020
Refind Self: The Personality Test Game,$7.99,2023
Sword of the Stars: Complete Collection,$9.99,2010
EMPTY SHELL,$11.99,2023
Eroico,$3.99,2018
Age of Empires III: Definitive Edition,-,2020
Idle Wizard,-,2019
Shadow Empire,$19.99,2020
Angels of Death Episode.Eddie,$6.99,2020
Genome Guardian,$11.99,2024
CHAIRS,$4.99,2024
Of Mice and Moggies,$1.99,2021
Creepy Tale 2,$4.99,2021
Adverse Effects,$4.99,2023
Prince of Persia¬Æ: The Sands of Time,$1.99,2008
Êù±ÊñπÈÄÜÂ¶ô‰π± ~ Ephemeral Unnatural Balance,$9.99,2019
Samorost 2,$1.49,2009
Poon Puzzle,$3.99,2024
Planetary Annihilation: TITANS,$29.99,2015
The Journey Down: Chapter One,$6.99,2013
Warlock - Master of the Arcane,$24.99,2012
Atelier Marie Remake: The Alchemist of Salburg,$29.99,2023
Diggles: The Myth of Fenris,$3.99,2020
Descent: Legends of the Dark,-,2021
RYB,-,2016
Cats Huddled Together Êå§Âú®‰∏ÄËµ∑ÁöÑÁå´Áå´‰ª¨,$1.99,2023
Project LUX,$24.99,2018
GRIME,$24.99,2021
Stikbold! A Dodgeball Adventure,$9.99,2016
Taboo Trial,$11.24,2023
Hello Neighbor Alpha 4,-,2019
Doomsday Paradise,$14.99,2023
Greedland,$10.99,2023
Oddworld: Abe's Oddysee¬Æ,$2.99,2008
ARK: Survival Evolved,$14.99,2017
Danganronpa V3: Killing Harmony,$39.99,2017
Secret Pie,$4.79,2021
Fisher Online,$13.99,2019
Leaf's Odyssey,$12.75,2024
Warriors of the Nile 2,$14.99,2022
Streamer Daily,$11.99,2020
Crysis¬Æ 3,-,2020
Lilitales,$19.99,2019
TAISHO x ALICE episode 1,$16.99,2019
Nope Nope Nope Nurses,$7.19,2023
Idling to Rule the Gods,-,2016
Hellsplit: Arena,$24.99,2019
RollerCoaster Tycoon¬Æ 3: Complete Edition,$19.99,2020
The Letter - Horror Visual Novel,$19.99,2017
REMNANT II¬Æ,$35.99,2023
Blacksad: Under the Skin,$19.99,2019
Breachers,$29.99,2023
Wavetale,$29.99,2022
Call of Duty¬Æ: Black Ops III,$59.99,2015
Hero's Adventure: Road to Passion,$17.99,2023
Starlight of Aeons,$2.99,2017
RUMBLE,$20.00,2022
Deadly Days,$1.19,2019
Furry Shades of Gay,$2.79,2020
Redout: Enhanced Edition,$19.99,2016
Crypto Miner Tycoon Simulator,$19.99,2022
Creepy Tale,$3.74,2020
We Were Here Together,$4.93,2019
We Went Back,-,2020
Tom Clancy's Ghost Recon¬Æ Desert Siege‚Ñ¢,$4.99,2008
Capcom Beat 'Em Up Bundle,$19.99,2018
Oik 3,$0.99,2017
South Park‚Ñ¢: The Fractured But Whole‚Ñ¢,$29.99,2017
Crysis Warhead¬Æ,$19.99,2008
Need for Speed‚Ñ¢ Heat,$69.99,2020
Coffee Caravan,$9.59,2024
ÈªÑÊØõÊºÇÊµÅËÆ∞,$1.99,2024
RoboSync,$2.99,2024
Goober Dash,-,2023
Hermit Home Designer,-,2022
TTV4,$0.49,2022
UBERMOSH Vol.3,$0.49,2016
Hobo Cat Adventures,$10.99,2021
Battle Grounds III,-,2019
